пол,возраст,путешествует_с_детьми,расстояние,включён_завтрак,наличие_wifi,оценка_удобства_добирания_до_места,оценка_интерсности_досуга,оценка_качества_питания,оценка_качества_wifi,оценка_комфортности_палатки,общая_оценка_качества_предоставленной_услуги,возраст_кат,расстояние_кат
муж,60,нет,2002,1,0,3,отсутствует,плохо,отсутствует,отсутствует,нормально,более_30,дальнее_путешествие
муж,68,нет,1995,0,1,4,хорошо,хорошо,отсутствует,хорошо,нормально,более_30,дальнее_путешествие
муж,64,да,1557,0,0,2,отсутствует,плохо,плохо,хорошо,нормально,более_30,дальнее_путешествие
муж,30,нет,349,0,1,1,хорошо,хорошо,отсутствует,плохо,нормально,менее_30,не_так_далеко
жен,28,да,4561,0,1,3,отсутствует,плохо,плохо,плохо,нормально,менее_30,дальнее_путешествие
муж,75,да,4064,0,1,2,плохо,отсутствует,хорошо,плохо,плохо,более_30,дальнее_путешествие
жен,82,нет,2868,1,1,5,плохо,хорошо,плохо,хорошо,плохо,более_30,дальнее_путешествие
жен,76,нет,3361,1,1,5,плохо,плохо,отсутствует,плохо,плохо,более_30,дальнее_путешествие
муж,64,да,173,0,1,1,плохо,отсутствует,хорошо,хорошо,плохо,более_30,домашний_регион
муж,36,нет,2197,1,1,3,отсутствует,хорошо,хорошо,хорошо,плохо,более_30,дальнее_путешествие
жен,65,да,1600,0,0,4,отсутствует,отсутствует,плохо,плохо,нормально,более_30,дальнее_путешествие
муж,41,нет,3611,1,1,3,хорошо,плохо,отсутствует,отсутствует,нормально,более_30,дальнее_путешествие
муж,76,нет,3288,1,1,5,хорошо,отсутствует,отсутствует,хорошо,нормально,более_30,дальнее_путешествие
муж,31,да,2903,0,1,1,плохо,плохо,плохо,отсутствует,нормально,более_30,дальнее_путешествие
муж,24,нет,2677,1,0,4,плохо,плохо,хорошо,хорошо,нормально,менее_30,дальнее_путешествие
муж,87,да,663,1,0,4,хорошо,отсутствует,хорошо,хорошо,нормально,более_30,не_так_далеко
муж,29,да,4739,0,0,5,отсутствует,плохо,плохо,плохо,плохо,менее_30,дальнее_путешествие
муж,46,да,4394,1,1,4,хорошо,плохо,отсутствует,хорошо,плохо,более_30,дальнее_путешествие
муж,18,нет,2294,1,1,4,отсутствует,плохо,хорошо,плохо,нормально,менее_30,дальнее_путешествие
жен,54,да,891,0,0,1,хорошо,отсутствует,плохо,отсутствует,нормально,более_30,дальнее_путешествие
муж,72,да,3490,1,0,3,отсутствует,плохо,плохо,отсутствует,нормально,более_30,дальнее_путешествие
жен,48,да,240,0,1,1,отсутствует,хорошо,отсутствует,плохо,плохо,более_30,домашний_регион
муж,70,да,4026,1,0,5,отсутствует,хорошо,плохо,хорошо,хорошо,более_30,дальнее_путешествие
жен,52,да,155,0,0,1,плохо,отсутствует,плохо,отсутствует,нормально,более_30,домашний_регион
муж,61,да,3688,1,1,3,плохо,отсутствует,отсутствует,отсутствует,хорошо,более_30,дальнее_путешествие
муж,66,да,2869,1,0,5,отсутствует,хорошо,хорошо,плохо,хорошо,более_30,дальнее_путешествие
муж,38,нет,2737,0,1,3,плохо,плохо,хорошо,отсутствует,хорошо,более_30,дальнее_путешествие
жен,80,нет,2276,0,1,1,плохо,хорошо,отсутствует,плохо,хорошо,более_30,дальнее_путешествие
жен,72,да,769,1,0,5,отсутствует,плохо,плохо,хорошо,нормально,более_30,дальнее_путешествие
жен,52,нет,971,0,0,2,плохо,хорошо,отсутствует,хорошо,хорошо,более_30,дальнее_путешествие
муж,69,нет,3841,1,1,2,плохо,отсутствует,хорошо,отсутствует,плохо,более_30,дальнее_путешествие
муж,25,нет,3885,1,1,5,плохо,хорошо,отсутствует,хорошо,плохо,менее_30,дальнее_путешествие
жен,81,нет,2999,1,0,3,отсутствует,хорошо,хорошо,плохо,плохо,более_30,дальнее_путешествие
муж,30,да,4600,0,1,2,отсутствует,отсутствует,отсутствует,плохо,хорошо,менее_30,дальнее_путешествие
жен,81,да,3964,0,0,1,хорошо,плохо,плохо,плохо,плохо,более_30,дальнее_путешествие
жен,40,нет,4051,0,1,3,плохо,хорошо,плохо,хорошо,нормально,более_30,дальнее_путешествие
муж,61,нет,4393,0,0,5,отсутствует,отсутствует,отсутствует,плохо,хорошо,более_30,дальнее_путешествие
муж,51,да,2055,1,1,5,отсутствует,хорошо,хорошо,плохо,нормально,более_30,дальнее_путешествие
жен,70,нет,2455,0,0,1,хорошо,плохо,хорошо,отсутствует,плохо,более_30,дальнее_путешествие
жен,86,да,4521,0,1,2,хорошо,отсутствует,отсутствует,отсутствует,плохо,более_30,дальнее_путешествие
муж,90,нет,2914,0,1,3,отсутствует,хорошо,плохо,отсутствует,нормально,более_30,дальнее_путешествие
муж,68,нет,4413,0,1,2,отсутствует,хорошо,плохо,плохо,нормально,более_30,дальнее_путешествие
жен,27,нет,3525,1,1,3,плохо,плохо,отсутствует,хорошо,хорошо,менее_30,дальнее_путешествие
жен,55,нет,2920,1,1,1,хорошо,хорошо,отсутствует,хорошо,хорошо,более_30,дальнее_путешествие
муж,34,да,4444,1,0,4,плохо,отсутствует,хорошо,плохо,нормально,более_30,дальнее_путешествие
жен,81,нет,1178,1,1,5,отсутствует,отсутствует,плохо,хорошо,плохо,более_30,дальнее_путешествие
жен,86,нет,2869,0,1,3,хорошо,хорошо,плохо,отсутствует,нормально,более_30,дальнее_путешествие
муж,30,нет,4846,1,1,1,отсутствует,плохо,плохо,отсутствует,нормально,менее_30,дальнее_путешествие
муж,50,да,2374,0,0,3,плохо,отсутствует,хорошо,хорошо,нормально,более_30,дальнее_путешествие
муж,25,нет,773,1,1,4,отсутствует,отсутствует,плохо,отсутствует,плохо,менее_30,дальнее_путешествие
муж,36,да,334,0,1,1,плохо,отсутствует,хорошо,плохо,нормально,более_30,не_так_далеко
жен,37,да,3402,0,1,4,отсутствует,отсутствует,плохо,плохо,хорошо,более_30,дальнее_путешествие
жен,68,нет,1335,0,0,1,отсутствует,отсутствует,отсутствует,отсутствует,плохо,более_30,дальнее_путешествие
жен,24,да,1174,1,1,3,плохо,хорошо,хорошо,плохо,плохо,менее_30,дальнее_путешествие
муж,66,нет,613,0,1,5,плохо,отсутствует,отсутствует,плохо,хорошо,более_30,не_так_далеко
жен,48,нет,1760,0,1,3,хорошо,плохо,хорошо,отсутствует,нормально,более_30,дальнее_путешествие
муж,44,да,2839,0,1,3,отсутствует,хорошо,плохо,отсутствует,плохо,более_30,дальнее_путешествие
жен,77,нет,3285,1,1,2,плохо,плохо,хорошо,плохо,плохо,более_30,дальнее_путешествие
жен,64,да,3888,0,0,4,плохо,отсутствует,отсутствует,хорошо,нормально,более_30,дальнее_путешествие
жен,53,нет,3771,0,1,4,плохо,отсутствует,плохо,плохо,плохо,более_30,дальнее_путешествие
жен,26,нет,4397,1,1,4,плохо,плохо,хорошо,хорошо,хорошо,менее_30,дальнее_путешествие
жен,67,нет,3514,0,0,3,отсутствует,плохо,хорошо,отсутствует,хорошо,более_30,дальнее_путешествие
муж,81,да,2359,1,1,5,хорошо,хорошо,отсутствует,хорошо,плохо,более_30,дальнее_путешествие
муж,23,да,2050,0,0,1,плохо,плохо,отсутствует,плохо,нормально,менее_30,дальнее_путешествие
жен,22,нет,4775,0,0,2,плохо,хорошо,хорошо,хорошо,плохо,менее_30,дальнее_путешествие
муж,48,нет,4098,0,0,4,плохо,хорошо,хорошо,плохо,хорошо,более_30,дальнее_путешествие
жен,71,да,867,0,1,3,хорошо,отсутствует,хорошо,плохо,нормально,более_30,дальнее_путешествие
муж,82,нет,211,0,1,1,отсутствует,плохо,хорошо,хорошо,хорошо,более_30,домашний_регион
муж,35,нет,2690,1,0,2,плохо,хорошо,плохо,хорошо,плохо,более_30,дальнее_путешествие
муж,43,нет,3952,1,1,5,плохо,плохо,отсутствует,плохо,плохо,более_30,дальнее_путешествие
жен,63,нет,4601,0,0,5,отсутствует,хорошо,отсутствует,плохо,плохо,более_30,дальнее_путешествие
жен,82,да,722,1,0,5,отсутствует,хорошо,плохо,отсутствует,плохо,более_30,дальнее_путешествие
муж,50,нет,4418,1,1,2,отсутствует,плохо,хорошо,плохо,хорошо,более_30,дальнее_путешествие
муж,88,да,904,0,0,4,хорошо,хорошо,отсутствует,хорошо,плохо,более_30,дальнее_путешествие
муж,23,да,2388,0,0,2,плохо,плохо,отсутствует,плохо,хорошо,менее_30,дальнее_путешествие
жен,40,да,245,1,0,3,хорошо,хорошо,отсутствует,хорошо,плохо,более_30,домашний_регион
жен,33,нет,1084,1,0,2,плохо,отсутствует,отсутствует,отсутствует,плохо,более_30,дальнее_путешествие
муж,27,нет,2037,1,0,1,плохо,хорошо,хорошо,отсутствует,плохо,менее_30,дальнее_путешествие
муж,59,да,956,1,0,3,хорошо,хорошо,плохо,хорошо,нормально,более_30,дальнее_путешествие
жен,21,нет,1572,1,0,4,отсутствует,хорошо,плохо,хорошо,плохо,менее_30,дальнее_путешествие
жен,65,да,2833,1,1,4,плохо,отсутствует,отсутствует,хорошо,нормально,более_30,дальнее_путешествие
муж,48,нет,1810,0,0,1,отсутствует,плохо,отсутствует,плохо,хорошо,более_30,дальнее_путешествие
жен,86,нет,2049,0,0,1,отсутствует,хорошо,плохо,отсутствует,хорошо,более_30,дальнее_путешествие
жен,25,да,4879,1,0,4,хорошо,хорошо,отсутствует,хорошо,плохо,менее_30,дальнее_путешествие
жен,25,да,3489,0,1,4,хорошо,плохо,плохо,отсутствует,плохо,менее_30,дальнее_путешествие
муж,23,да,1405,1,0,2,хорошо,отсутствует,плохо,отсутствует,хорошо,менее_30,дальнее_путешествие
жен,70,да,2789,1,1,4,отсутствует,отсутствует,хорошо,плохо,хорошо,более_30,дальнее_путешествие
муж,64,да,4447,0,1,1,плохо,плохо,плохо,хорошо,плохо,более_30,дальнее_путешествие
муж,38,нет,1876,0,1,2,плохо,хорошо,хорошо,плохо,плохо,более_30,дальнее_путешествие
муж,48,нет,829,1,0,5,хорошо,отсутствует,хорошо,плохо,хорошо,более_30,дальнее_путешествие
муж,36,нет,4035,0,0,4,отсутствует,отсутствует,хорошо,отсутствует,плохо,более_30,дальнее_путешествие
муж,68,да,4321,1,1,1,плохо,плохо,плохо,хорошо,нормально,более_30,дальнее_путешествие
муж,27,да,140,0,1,2,хорошо,отсутствует,отсутствует,плохо,плохо,менее_30,домашний_регион
муж,77,нет,2077,1,1,5,отсутствует,плохо,плохо,отсутствует,нормально,более_30,дальнее_путешествие
муж,56,нет,2572,0,1,4,хорошо,хорошо,хорошо,отсутствует,плохо,более_30,дальнее_путешествие
муж,67,нет,1563,0,1,4,хорошо,плохо,хорошо,отсутствует,плохо,более_30,дальнее_путешествие
муж,31,да,2415,1,0,1,отсутствует,хорошо,отсутствует,плохо,нормально,более_30,дальнее_путешествие
жен,62,да,626,0,1,5,отсутствует,плохо,отсутствует,хорошо,хорошо,более_30,не_так_далеко
муж,37,да,3466,0,0,4,отсутствует,хорошо,хорошо,плохо,плохо,более_30,дальнее_путешествие
муж,30,нет,4191,1,1,3,плохо,отсутствует,отсутствует,плохо,нормально,менее_30,дальнее_путешествие
муж,27,нет,980,0,0,3,плохо,отсутствует,отсутствует,плохо,нормально,менее_30,дальнее_путешествие
муж,84,да,2145,1,0,3,хорошо,хорошо,отсутствует,хорошо,нормально,более_30,дальнее_путешествие
жен,88,да,423,0,1,4,хорошо,хорошо,хорошо,плохо,хорошо,более_30,не_так_далеко
жен,78,нет,2278,1,0,5,плохо,отсутствует,хорошо,отсутствует,хорошо,более_30,дальнее_путешествие
муж,58,нет,1949,0,0,2,плохо,плохо,отсутствует,хорошо,нормально,более_30,дальнее_путешествие
муж,28,да,2611,1,0,5,плохо,плохо,отсутствует,хорошо,нормально,менее_30,дальнее_путешествие
муж,65,да,570,0,0,1,отсутствует,отсутствует,хорошо,плохо,плохо,более_30,не_так_далеко
муж,33,да,653,0,1,1,хорошо,хорошо,плохо,отсутствует,плохо,более_30,не_так_далеко
жен,56,да,3607,1,1,5,отсутствует,отсутствует,плохо,плохо,хорошо,более_30,дальнее_путешествие
муж,82,да,4829,0,0,4,хорошо,плохо,хорошо,хорошо,нормально,более_30,дальнее_путешествие
жен,54,нет,3938,0,1,2,хорошо,отсутствует,хорошо,отсутствует,нормально,более_30,дальнее_путешествие
муж,18,да,415,1,1,5,плохо,отсутствует,плохо,плохо,нормально,менее_30,не_так_далеко
муж,29,нет,2986,1,1,1,отсутствует,плохо,хорошо,отсутствует,плохо,менее_30,дальнее_путешествие
муж,33,нет,2615,0,0,2,хорошо,хорошо,плохо,плохо,нормально,более_30,дальнее_путешествие
жен,42,да,2939,1,0,4,плохо,хорошо,хорошо,хорошо,плохо,более_30,дальнее_путешествие
жен,23,нет,305,1,1,4,плохо,отсутствует,хорошо,хорошо,плохо,менее_30,не_так_далеко
муж,33,да,1448,1,0,5,отсутствует,отсутствует,отсутствует,хорошо,хорошо,более_30,дальнее_путешествие
жен,75,да,1363,1,1,2,плохо,плохо,хорошо,отсутствует,нормально,более_30,дальнее_путешествие
жен,39,да,318,0,1,1,хорошо,плохо,плохо,отсутствует,нормально,более_30,не_так_далеко
жен,65,нет,2324,1,1,4,хорошо,хорошо,плохо,плохо,хорошо,более_30,дальнее_путешествие
жен,79,нет,309,0,1,3,хорошо,плохо,хорошо,отсутствует,хорошо,более_30,не_так_далеко
муж,43,нет,4550,0,0,2,хорошо,плохо,отсутствует,хорошо,нормально,более_30,дальнее_путешествие
муж,83,нет,1501,0,0,3,хорошо,плохо,плохо,плохо,хорошо,более_30,дальнее_путешествие
жен,48,да,3888,1,0,2,отсутствует,отсутствует,хорошо,плохо,плохо,более_30,дальнее_путешествие
муж,63,да,3675,0,0,5,плохо,хорошо,плохо,хорошо,нормально,более_30,дальнее_путешествие
муж,24,нет,2469,1,1,5,плохо,отсутствует,плохо,хорошо,хорошо,менее_30,дальнее_путешествие
муж,44,нет,4772,0,0,1,отсутствует,плохо,отсутствует,плохо,хорошо,более_30,дальнее_путешествие
муж,65,да,212,0,1,2,хорошо,плохо,отсутствует,отсутствует,нормально,более_30,домашний_регион
жен,89,нет,1738,0,1,4,плохо,плохо,отсутствует,отсутствует,нормально,более_30,дальнее_путешествие
жен,60,да,4217,1,1,3,хорошо,плохо,хорошо,отсутствует,плохо,более_30,дальнее_путешествие
муж,58,да,1295,1,0,4,отсутствует,отсутствует,хорошо,отсутствует,хорошо,более_30,дальнее_путешествие
жен,80,да,4495,0,0,5,отсутствует,отсутствует,плохо,хорошо,нормально,более_30,дальнее_путешествие
жен,31,нет,1417,0,0,2,отсутствует,хорошо,хорошо,отсутствует,нормально,более_30,дальнее_путешествие
муж,42,нет,684,0,0,3,плохо,хорошо,плохо,хорошо,нормально,более_30,не_так_далеко
муж,70,да,3783,1,1,2,плохо,отсутствует,плохо,хорошо,нормально,более_30,дальнее_путешествие
жен,28,да,423,0,0,5,хорошо,хорошо,хорошо,отсутствует,плохо,менее_30,не_так_далеко
муж,23,нет,4031,1,0,3,плохо,хорошо,отсутствует,плохо,хорошо,менее_30,дальнее_путешествие
жен,60,да,2740,0,1,5,хорошо,хорошо,отсутствует,плохо,хорошо,более_30,дальнее_путешествие
муж,48,да,401,0,0,2,отсутствует,отсутствует,плохо,плохо,хорошо,более_30,не_так_далеко
жен,51,да,3624,0,0,5,хорошо,хорошо,отсутствует,отсутствует,плохо,более_30,дальнее_путешествие
муж,31,нет,3934,1,1,1,хорошо,хорошо,отсутствует,плохо,плохо,более_30,дальнее_путешествие
муж,55,да,4899,1,1,2,отсутствует,хорошо,отсутствует,плохо,плохо,более_30,дальнее_путешествие
муж,33,нет,1841,1,1,5,плохо,отсутствует,плохо,хорошо,хорошо,более_30,дальнее_путешествие
муж,49,да,3948,0,0,4,хорошо,плохо,плохо,отсутствует,плохо,более_30,дальнее_путешествие
муж,55,нет,4318,0,1,5,хорошо,отсутствует,хорошо,отсутствует,нормально,более_30,дальнее_путешествие
жен,66,да,4021,1,1,4,отсутствует,хорошо,хорошо,отсутствует,нормально,более_30,дальнее_путешествие
жен,25,нет,1498,1,1,5,отсутствует,хорошо,хорошо,плохо,плохо,менее_30,дальнее_путешествие
муж,62,да,4694,1,0,1,отсутствует,плохо,плохо,хорошо,хорошо,более_30,дальнее_путешествие
жен,31,нет,3455,1,1,4,отсутствует,плохо,отсутствует,отсутствует,хорошо,более_30,дальнее_путешествие
муж,31,да,2247,1,1,5,отсутствует,хорошо,хорошо,отсутствует,плохо,более_30,дальнее_путешествие
муж,75,да,2353,1,0,1,отсутствует,плохо,отсутствует,отсутствует,нормально,более_30,дальнее_путешествие
муж,39,нет,2529,1,0,3,хорошо,хорошо,хорошо,хорошо,нормально,более_30,дальнее_путешествие
жен,71,да,2996,0,0,5,отсутствует,плохо,плохо,отсутствует,плохо,более_30,дальнее_путешествие
жен,55,нет,1253,1,0,5,отсутствует,хорошо,хорошо,хорошо,хорошо,более_30,дальнее_путешествие
жен,57,да,994,0,1,2,хорошо,отсутствует,отсутствует,плохо,хорошо,более_30,дальнее_путешествие
жен,53,нет,2181,1,1,5,хорошо,отсутствует,плохо,отсутствует,плохо,более_30,дальнее_путешествие
жен,54,да,4382,1,0,2,отсутствует,отсутствует,отсутствует,отсутствует,нормально,более_30,дальнее_путешествие
муж,84,нет,2911,1,1,5,плохо,плохо,хорошо,хорошо,плохо,более_30,дальнее_путешествие
муж,57,нет,3585,0,1,2,отсутствует,отсутствует,отсутствует,отсутствует,нормально,более_30,дальнее_путешествие
жен,80,да,1082,0,1,2,хорошо,отсутствует,отсутствует,хорошо,хорошо,более_30,дальнее_путешествие
жен,67,да,1288,1,0,2,плохо,хорошо,хорошо,плохо,нормально,более_30,дальнее_путешествие
муж,33,нет,2982,0,0,1,плохо,отсутствует,плохо,хорошо,хорошо,более_30,дальнее_путешествие
муж,32,нет,3528,1,0,2,отсутствует,плохо,плохо,плохо,нормально,более_30,дальнее_путешествие
муж,88,да,4707,1,1,5,плохо,плохо,отсутствует,плохо,нормально,более_30,дальнее_путешествие
жен,20,нет,1423,0,1,4,хорошо,отсутствует,хорошо,хорошо,хорошо,менее_30,дальнее_путешествие
муж,38,нет,1976,0,0,1,отсутствует,плохо,плохо,хорошо,нормально,более_30,дальнее_путешествие
жен,62,нет,1919,1,0,3,отсутствует,отсутствует,плохо,хорошо,нормально,более_30,дальнее_путешествие
муж,36,да,393,0,0,1,отсутствует,отсутствует,плохо,хорошо,хорошо,более_30,не_так_далеко
муж,65,да,1849,1,0,2,хорошо,отсутствует,отсутствует,плохо,плохо,более_30,дальнее_путешествие
жен,70,нет,2741,0,1,4,хорошо,плохо,отсутствует,хорошо,нормально,более_30,дальнее_путешествие
жен,50,да,2537,1,1,4,плохо,хорошо,плохо,отсутствует,плохо,более_30,дальнее_путешествие
жен,49,да,263,0,0,2,плохо,отсутствует,отсутствует,отсутствует,нормально,более_30,домашний_регион
муж,52,да,3485,1,1,1,хорошо,хорошо,хорошо,хорошо,хорошо,более_30,дальнее_путешествие
жен,64,да,674,1,1,2,хорошо,хорошо,плохо,плохо,нормально,более_30,не_так_далеко
муж,73,нет,3234,1,1,1,хорошо,отсутствует,отсутствует,отсутствует,нормально,более_30,дальнее_путешествие
муж,45,да,3243,1,1,3,хорошо,плохо,отсутствует,плохо,хорошо,более_30,дальнее_путешествие
жен,56,нет,4292,1,1,2,плохо,отсутствует,плохо,хорошо,нормально,более_30,дальнее_путешествие
жен,76,нет,2525,0,0,1,плохо,отсутствует,хорошо,отсутствует,хорошо,более_30,дальнее_путешествие
жен,68,да,4521,0,1,4,хорошо,отсутствует,отсутствует,хорошо,плохо,более_30,дальнее_путешествие
жен,55,нет,2799,1,0,3,плохо,отсутствует,отсутствует,хорошо,плохо,более_30,дальнее_путешествие
муж,84,да,4780,1,1,3,хорошо,плохо,плохо,плохо,нормально,более_30,дальнее_путешествие
муж,33,да,3562,1,1,2,хорошо,плохо,отсутствует,плохо,хорошо,более_30,дальнее_путешествие
муж,39,нет,982,1,0,2,отсутствует,хорошо,отсутствует,хорошо,хорошо,более_30,дальнее_путешествие
жен,35,да,961,0,1,5,хорошо,отсутствует,отсутствует,хорошо,плохо,более_30,дальнее_путешествие
жен,44,нет,3360,1,0,4,отсутствует,отсутствует,хорошо,плохо,хорошо,более_30,дальнее_путешествие
муж,59,нет,4326,1,0,5,плохо,хорошо,хорошо,хорошо,хорошо,более_30,дальнее_путешествие
жен,33,нет,2404,0,0,1,хорошо,отсутствует,хорошо,плохо,плохо,более_30,дальнее_путешествие
муж,22,нет,2357,1,0,2,плохо,хорошо,плохо,плохо,хорошо,менее_30,дальнее_путешествие
муж,55,да,1766,0,1,5,отсутствует,отсутствует,хорошо,отсутствует,нормально,более_30,дальнее_путешествие
жен,45,нет,1093,0,1,5,хорошо,хорошо,хорошо,отсутствует,хорошо,более_30,дальнее_путешествие
жен,55,да,2418,0,0,4,плохо,хорошо,хорошо,хорошо,нормально,более_30,дальнее_путешествие
жен,73,нет,1448,0,1,4,отсутствует,плохо,отсутствует,отсутствует,плохо,более_30,дальнее_путешествие
муж,63,нет,3237,0,0,4,плохо,плохо,плохо,плохо,хорошо,более_30,дальнее_путешествие
муж,41,нет,470,1,1,1,хорошо,плохо,хорошо,отсутствует,нормально,более_30,не_так_далеко
жен,81,да,3947,0,0,3,отсутствует,хорошо,хорошо,хорошо,нормально,более_30,дальнее_путешествие
жен,51,нет,345,1,0,3,отсутствует,отсутствует,плохо,хорошо,нормально,более_30,не_так_далеко
жен,72,да,1119,0,0,4,хорошо,хорошо,отсутствует,плохо,плохо,более_30,дальнее_путешествие
жен,70,да,927,0,1,2,плохо,хорошо,хорошо,хорошо,нормально,более_30,дальнее_путешествие
жен,41,нет,563,1,1,1,плохо,плохо,отсутствует,плохо,нормально,более_30,не_так_далеко
муж,32,нет,183,1,1,1,хорошо,хорошо,плохо,плохо,хорошо,более_30,домашний_регион
муж,21,нет,3889,1,1,5,хорошо,отсутствует,плохо,плохо,нормально,менее_30,дальнее_путешествие
муж,70,да,2049,0,0,3,отсутствует,отсутствует,плохо,отсутствует,хорошо,более_30,дальнее_путешествие
жен,74,да,2760,0,1,5,отсутствует,хорошо,плохо,плохо,хорошо,более_30,дальнее_путешествие
муж,33,нет,4593,1,1,2,отсутствует,отсутствует,отсутствует,отсутствует,плохо,более_30,дальнее_путешествие
жен,75,да,1266,1,1,5,хорошо,отсутствует,плохо,хорошо,плохо,более_30,дальнее_путешествие
жен,85,да,629,1,0,3,плохо,плохо,плохо,отсутствует,нормально,более_30,не_так_далеко
муж,39,да,1631,0,1,1,хорошо,хорошо,отсутствует,отсутствует,хорошо,более_30,дальнее_путешествие
жен,36,да,177,0,1,4,отсутствует,отсутствует,плохо,хорошо,плохо,более_30,домашний_регион
муж,47,да,4427,0,0,1,плохо,хорошо,хорошо,отсутствует,плохо,более_30,дальнее_путешествие
муж,64,да,882,0,1,5,хорошо,отсутствует,плохо,плохо,нормально,более_30,дальнее_путешествие
муж,57,да,4534,0,0,4,хорошо,хорошо,хорошо,плохо,нормально,более_30,дальнее_путешествие
жен,86,да,3192,0,1,2,отсутствует,отсутствует,плохо,отсутствует,нормально,более_30,дальнее_путешествие
муж,62,нет,1386,1,1,1,хорошо,отсутствует,хорошо,плохо,хорошо,более_30,дальнее_путешествие
жен,57,да,201,0,1,5,хорошо,плохо,хорошо,хорошо,плохо,более_30,домашний_регион
жен,21,да,298,0,0,4,плохо,отсутствует,отсутствует,плохо,нормально,менее_30,домашний_регион
муж,77,нет,4169,1,0,2,отсутствует,отсутствует,отсутствует,плохо,хорошо,более_30,дальнее_путешествие
жен,27,да,1207,0,1,2,плохо,плохо,отсутствует,хорошо,нормально,менее_30,дальнее_путешествие
муж,36,нет,1147,1,0,3,хорошо,отсутствует,плохо,хорошо,хорошо,более_30,дальнее_путешествие
муж,66,нет,4448,1,0,4,хорошо,хорошо,плохо,плохо,нормально,более_30,дальнее_путешествие
муж,83,да,2809,0,0,5,плохо,хорошо,отсутствует,хорошо,хорошо,более_30,дальнее_путешествие
муж,22,нет,516,1,1,1,хорошо,хорошо,отсутствует,плохо,нормально,менее_30,не_так_далеко
муж,65,нет,4134,0,1,2,отсутствует,плохо,отсутствует,плохо,нормально,более_30,дальнее_путешествие
муж,86,да,2898,0,0,3,плохо,отсутствует,плохо,отсутствует,хорошо,более_30,дальнее_путешествие
муж,47,да,2928,0,1,2,хорошо,отсутствует,плохо,отсутствует,нормально,более_30,дальнее_путешествие
муж,42,да,2316,0,0,4,плохо,плохо,плохо,хорошо,хорошо,более_30,дальнее_путешествие
муж,56,нет,2361,0,1,1,хорошо,отсутствует,плохо,отсутствует,хорошо,более_30,дальнее_путешествие
муж,81,нет,4526,1,1,1,плохо,плохо,хорошо,отсутствует,плохо,более_30,дальнее_путешествие
жен,42,нет,1216,0,0,4,плохо,хорошо,плохо,хорошо,плохо,более_30,дальнее_путешествие
жен,70,да,4016,1,1,1,отсутствует,отсутствует,плохо,хорошо,хорошо,более_30,дальнее_путешествие
жен,40,нет,4979,0,0,4,плохо,плохо,отсутствует,отсутствует,хорошо,более_30,дальнее_путешествие
муж,67,нет,1612,0,1,4,отсутствует,отсутствует,плохо,отсутствует,нормально,более_30,дальнее_путешествие
жен,33,нет,1860,0,0,1,плохо,плохо,отсутствует,хорошо,хорошо,более_30,дальнее_путешествие
муж,49,да,4179,1,0,1,плохо,хорошо,плохо,отсутствует,нормально,более_30,дальнее_путешествие
муж,26,да,2986,0,0,2,отсутствует,хорошо,отсутствует,хорошо,нормально,менее_30,дальнее_путешествие
жен,87,да,4419,1,1,1,хорошо,плохо,плохо,хорошо,хорошо,более_30,дальнее_путешествие
жен,26,нет,2941,1,0,3,отсутствует,плохо,плохо,хорошо,хорошо,менее_30,дальнее_путешествие
муж,82,нет,316,1,1,3,хорошо,хорошо,отсутствует,плохо,плохо,более_30,не_так_далеко
муж,23,да,846,1,0,1,отсутствует,хорошо,отсутствует,хорошо,хорошо,менее_30,дальнее_путешествие
муж,22,да,3202,0,1,1,отсутствует,плохо,плохо,отсутствует,плохо,менее_30,дальнее_путешествие
муж,52,да,1676,0,1,2,отсутствует,хорошо,плохо,отсутствует,нормально,более_30,дальнее_путешествие
муж,55,да,1648,0,1,4,отсутствует,плохо,плохо,отсутствует,хорошо,более_30,дальнее_путешествие
муж,70,да,1927,1,0,1,плохо,плохо,хорошо,отсутствует,нормально,более_30,дальнее_путешествие
жен,38,нет,1618,0,1,2,плохо,хорошо,хорошо,хорошо,плохо,более_30,дальнее_путешествие
муж,68,да,2214,0,0,3,хорошо,хорошо,плохо,отсутствует,хорошо,более_30,дальнее_путешествие
муж,61,да,4485,0,1,1,отсутствует,плохо,хорошо,хорошо,хорошо,более_30,дальнее_путешествие
жен,85,да,3781,0,1,5,отсутствует,хорошо,хорошо,отсутствует,плохо,более_30,дальнее_путешествие
муж,47,да,1227,1,1,5,хорошо,плохо,хорошо,плохо,плохо,более_30,дальнее_путешествие
муж,55,нет,1746,0,0,2,плохо,плохо,отсутствует,отсутствует,плохо,более_30,дальнее_путешествие
муж,24,нет,4064,1,0,2,плохо,плохо,отсутствует,плохо,нормально,менее_30,дальнее_путешествие
жен,68,да,3040,1,1,5,хорошо,плохо,хорошо,отсутствует,хорошо,более_30,дальнее_путешествие
муж,45,нет,2008,1,0,5,плохо,отсутствует,отсутствует,хорошо,хорошо,более_30,дальнее_путешествие
муж,53,да,2033,1,1,5,хорошо,плохо,плохо,хорошо,нормально,более_30,дальнее_путешествие
муж,81,нет,3327,0,0,1,плохо,отсутствует,отсутствует,плохо,нормально,более_30,дальнее_путешествие
жен,83,нет,1532,0,1,5,хорошо,хорошо,хорошо,отсутствует,нормально,более_30,дальнее_путешествие
муж,40,да,2465,0,1,5,плохо,отсутствует,хорошо,хорошо,хорошо,более_30,дальнее_путешествие
жен,87,нет,4983,0,0,1,отсутствует,отсутствует,отсутствует,хорошо,нормально,более_30,дальнее_путешествие
жен,87,да,2761,0,1,4,плохо,отсутствует,отсутствует,хорошо,плохо,более_30,дальнее_путешествие
жен,69,да,585,1,0,1,отсутствует,хорошо,плохо,отсутствует,нормально,более_30,не_так_далеко
муж,45,да,640,0,0,3,хорошо,отсутствует,плохо,хорошо,плохо,более_30,не_так_далеко
муж,48,да,3634,0,0,5,отсутствует,плохо,отсутствует,отсутствует,нормально,более_30,дальнее_путешествие
муж,52,нет,493,0,0,4,отсутствует,отсутствует,отсутствует,отсутствует,плохо,более_30,не_так_далеко
жен,35,да,3873,1,0,4,плохо,плохо,отсутствует,отсутствует,плохо,более_30,дальнее_путешествие
жен,63,да,2686,1,0,3,плохо,хорошо,хорошо,отсутствует,хорошо,более_30,дальнее_путешествие
муж,25,да,105,1,0,5,плохо,плохо,хорошо,плохо,нормально,менее_30,домашний_регион
жен,58,да,1937,0,0,4,хорошо,плохо,отсутствует,хорошо,хорошо,более_30,дальнее_путешествие
муж,83,нет,2391,1,0,3,хорошо,хорошо,отсутствует,хорошо,хорошо,более_30,дальнее_путешествие
жен,80,да,1863,0,0,1,плохо,отсутствует,отсутствует,отсутствует,хорошо,более_30,дальнее_путешествие
муж,32,да,2722,0,1,4,отсутствует,отсутствует,хорошо,плохо,хорошо,более_30,дальнее_путешествие
муж,75,да,3557,1,0,2,хорошо,отсутствует,хорошо,хорошо,плохо,более_30,дальнее_путешествие
жен,44,нет,3969,1,0,5,плохо,плохо,плохо,хорошо,хорошо,более_30,дальнее_путешествие
жен,25,да,4881,0,1,5,хорошо,плохо,отсутствует,плохо,нормально,менее_30,дальнее_путешествие
жен,25,да,3703,0,1,2,плохо,плохо,отсутствует,хорошо,хорошо,менее_30,дальнее_путешествие
муж,31,да,4150,0,0,4,плохо,отсутствует,отсутствует,отсутствует,нормально,более_30,дальнее_путешествие
жен,77,нет,2824,0,0,4,отсутствует,хорошо,плохо,хорошо,плохо,более_30,дальнее_путешествие
жен,81,нет,119,0,1,3,отсутствует,плохо,плохо,хорошо,плохо,более_30,домашний_регион
муж,48,да,3132,1,1,5,хорошо,отсутствует,отсутствует,отсутствует,нормально,более_30,дальнее_путешествие
жен,87,нет,3118,0,1,1,плохо,хорошо,плохо,отсутствует,нормально,более_30,дальнее_путешествие
муж,84,да,1673,1,0,3,плохо,плохо,плохо,отсутствует,плохо,более_30,дальнее_путешествие
жен,22,нет,1473,0,0,3,хорошо,отсутствует,хорошо,отсутствует,нормально,менее_30,дальнее_путешествие
жен,72,да,4281,1,1,2,отсутствует,плохо,отсутствует,плохо,хорошо,более_30,дальнее_путешествие
жен,37,нет,4596,0,1,2,отсутствует,хорошо,отсутствует,отсутствует,нормально,более_30,дальнее_путешествие
жен,50,нет,1478,0,1,3,отсутствует,плохо,хорошо,плохо,хорошо,более_30,дальнее_путешествие
жен,86,да,3724,1,1,3,хорошо,плохо,отсутствует,хорошо,нормально,более_30,дальнее_путешествие
муж,26,да,2067,0,0,4,хорошо,хорошо,отсутствует,отсутствует,хорошо,менее_30,дальнее_путешествие
жен,83,нет,2594,0,0,5,отсутствует,плохо,хорошо,плохо,хорошо,более_30,дальнее_путешествие
муж,56,нет,560,1,0,4,плохо,хорошо,хорошо,хорошо,плохо,более_30,не_так_далеко
жен,24,да,206,1,0,1,хорошо,хорошо,отсутствует,плохо,нормально,менее_30,домашний_регион
муж,59,да,2573,0,1,5,отсутствует,плохо,хорошо,плохо,плохо,более_30,дальнее_путешествие
жен,80,нет,2991,0,1,5,плохо,хорошо,плохо,хорошо,плохо,более_30,дальнее_путешествие
муж,73,да,3786,0,1,5,отсутствует,плохо,отсутствует,плохо,нормально,более_30,дальнее_путешествие
жен,76,нет,4302,1,1,1,плохо,отсутствует,хорошо,хорошо,плохо,более_30,дальнее_путешествие
муж,54,да,4886,0,0,5,отсутствует,хорошо,хорошо,хорошо,плохо,более_30,дальнее_путешествие
жен,67,нет,1852,0,0,3,хорошо,плохо,плохо,хорошо,хорошо,более_30,дальнее_путешествие
жен,85,нет,4743,0,0,3,хорошо,хорошо,хорошо,хорошо,плохо,более_30,дальнее_путешествие
муж,82,нет,2844,1,0,4,отсутствует,отсутствует,отсутствует,хорошо,плохо,более_30,дальнее_путешествие
жен,47,да,2733,0,0,5,хорошо,отсутствует,хорошо,отсутствует,хорошо,более_30,дальнее_путешествие
жен,72,да,2808,1,0,1,плохо,отсутствует,хорошо,отсутствует,нормально,более_30,дальнее_путешествие
жен,45,нет,3626,0,1,3,плохо,отсутствует,отсутствует,отсутствует,хорошо,более_30,дальнее_путешествие
жен,23,да,3964,1,1,2,плохо,отсутствует,отсутствует,плохо,плохо,менее_30,дальнее_путешествие
жен,21,нет,923,1,1,4,хорошо,плохо,хорошо,хорошо,нормально,менее_30,дальнее_путешествие
жен,72,да,3034,1,1,3,хорошо,плохо,хорошо,хорошо,хорошо,более_30,дальнее_путешествие
муж,72,да,2395,0,0,4,отсутствует,хорошо,отсутствует,отсутствует,нормально,более_30,дальнее_путешествие
муж,80,да,539,0,1,5,хорошо,плохо,хорошо,отсутствует,нормально,более_30,не_так_далеко
жен,49,нет,2054,1,0,2,хорошо,отсутствует,отсутствует,плохо,плохо,более_30,дальнее_путешествие
муж,23,да,327,0,1,3,хорошо,отсутствует,отсутствует,отсутствует,нормально,менее_30,не_так_далеко
муж,61,нет,2721,0,0,4,отсутствует,плохо,отсутствует,плохо,плохо,более_30,дальнее_путешествие
жен,26,нет,3540,0,1,2,плохо,плохо,хорошо,плохо,плохо,менее_30,дальнее_путешествие
муж,36,да,2066,0,0,2,плохо,плохо,отсутствует,плохо,нормально,более_30,дальнее_путешествие
муж,39,да,138,1,0,5,плохо,хорошо,плохо,плохо,нормально,более_30,домашний_регион
муж,36,нет,3719,0,1,3,хорошо,отсутствует,плохо,плохо,плохо,более_30,дальнее_путешествие
жен,31,да,3029,0,0,5,хорошо,хорошо,отсутствует,плохо,плохо,более_30,дальнее_путешествие
муж,82,да,1180,1,1,3,плохо,плохо,отсутствует,отсутствует,хорошо,более_30,дальнее_путешествие
муж,25,нет,1118,1,1,5,отсутствует,хорошо,отсутствует,хорошо,хорошо,менее_30,дальнее_путешествие
жен,64,нет,4006,1,1,1,плохо,плохо,плохо,плохо,плохо,более_30,дальнее_путешествие
муж,18,нет,1578,0,1,4,хорошо,плохо,плохо,плохо,хорошо,менее_30,дальнее_путешествие
жен,83,да,603,1,1,3,отсутствует,отсутствует,отсутствует,хорошо,нормально,более_30,не_так_далеко
жен,53,нет,4735,1,0,4,хорошо,плохо,отсутствует,хорошо,плохо,более_30,дальнее_путешествие
муж,50,да,2696,1,0,1,плохо,плохо,отсутствует,хорошо,хорошо,более_30,дальнее_путешествие
жен,22,нет,2431,1,1,2,отсутствует,хорошо,плохо,отсутствует,хорошо,менее_30,дальнее_путешествие
муж,65,нет,3735,0,0,2,отсутствует,плохо,отсутствует,отсутствует,плохо,более_30,дальнее_путешествие
жен,18,нет,2160,0,1,1,хорошо,хорошо,хорошо,хорошо,нормально,менее_30,дальнее_путешествие
муж,53,нет,3785,0,1,2,отсутствует,отсутствует,хорошо,отсутствует,плохо,более_30,дальнее_путешествие
муж,83,да,1954,0,0,2,отсутствует,отсутствует,плохо,плохо,хорошо,более_30,дальнее_путешествие
жен,86,нет,1438,0,1,1,плохо,отсутствует,плохо,отсутствует,плохо,более_30,дальнее_путешествие
жен,53,нет,1957,0,0,2,хорошо,плохо,хорошо,плохо,плохо,более_30,дальнее_путешествие
жен,35,да,4105,1,0,2,хорошо,плохо,отсутствует,плохо,нормально,более_30,дальнее_путешествие
жен,20,да,3405,1,1,1,отсутствует,отсутствует,хорошо,хорошо,хорошо,менее_30,дальнее_путешествие
муж,45,нет,3595,1,0,5,хорошо,отсутствует,хорошо,хорошо,хорошо,более_30,дальнее_путешествие
жен,36,да,804,1,1,5,хорошо,хорошо,отсутствует,плохо,хорошо,более_30,дальнее_путешествие
муж,80,нет,2018,1,1,4,плохо,хорошо,плохо,отсутствует,плохо,более_30,дальнее_путешествие
жен,51,нет,2429,1,0,5,хорошо,хорошо,отсутствует,плохо,нормально,более_30,дальнее_путешествие
жен,49,нет,2125,0,0,1,хорошо,плохо,хорошо,хорошо,хорошо,более_30,дальнее_путешествие
муж,37,нет,2823,1,1,5,отсутствует,хорошо,отсутствует,отсутствует,нормально,более_30,дальнее_путешествие
жен,75,да,1714,0,0,4,хорошо,хорошо,отсутствует,хорошо,плохо,более_30,дальнее_путешествие
муж,85,нет,2989,0,1,2,отсутствует,хорошо,плохо,хорошо,хорошо,более_30,дальнее_путешествие
муж,52,да,4957,0,1,5,отсутствует,хорошо,отсутствует,плохо,плохо,более_30,дальнее_путешествие
жен,73,да,1782,0,1,4,отсутствует,хорошо,отсутствует,плохо,хорошо,более_30,дальнее_путешествие
жен,70,нет,2098,0,0,3,хорошо,отсутствует,хорошо,хорошо,плохо,более_30,дальнее_путешествие
жен,39,нет,4518,0,0,4,хорошо,отсутствует,отсутствует,плохо,плохо,более_30,дальнее_путешествие
жен,86,да,1462,0,1,1,хорошо,отсутствует,отсутствует,отсутствует,хорошо,более_30,дальнее_путешествие
муж,68,нет,1790,0,0,5,хорошо,плохо,отсутствует,отсутствует,хорошо,более_30,дальнее_путешествие
муж,81,да,164,0,0,4,плохо,хорошо,хорошо,плохо,нормально,более_30,домашний_регион
жен,87,да,4635,1,1,3,отсутствует,хорошо,отсутствует,отсутствует,хорошо,более_30,дальнее_путешествие
муж,59,нет,647,0,1,4,отсутствует,отсутствует,хорошо,хорошо,нормально,более_30,не_так_далеко
жен,50,да,4543,0,1,3,плохо,плохо,плохо,отсутствует,плохо,более_30,дальнее_путешествие
муж,18,да,2429,1,0,4,хорошо,хорошо,отсутствует,хорошо,хорошо,менее_30,дальнее_путешествие
муж,35,да,2556,0,0,5,плохо,хорошо,отсутствует,хорошо,нормально,более_30,дальнее_путешествие
муж,64,нет,826,1,0,3,хорошо,плохо,плохо,плохо,плохо,более_30,дальнее_путешествие
муж,18,да,932,1,1,4,хорошо,хорошо,плохо,отсутствует,плохо,менее_30,дальнее_путешествие
муж,41,нет,3396,0,0,3,отсутствует,плохо,плохо,хорошо,нормально,более_30,дальнее_путешествие
жен,19,да,935,1,0,1,плохо,хорошо,плохо,плохо,нормально,менее_30,дальнее_путешествие
жен,43,да,2474,1,1,1,хорошо,плохо,хорошо,плохо,плохо,более_30,дальнее_путешествие
муж,26,нет,2764,0,1,2,отсутствует,хорошо,отсутствует,хорошо,хорошо,менее_30,дальнее_путешествие
муж,40,нет,2380,0,1,3,хорошо,отсутствует,хорошо,плохо,хорошо,более_30,дальнее_путешествие
муж,86,нет,3467,1,1,2,хорошо,хорошо,хорошо,плохо,нормально,более_30,дальнее_путешествие
жен,68,да,4834,0,1,4,хорошо,хорошо,хорошо,плохо,хорошо,более_30,дальнее_путешествие
муж,38,да,1274,0,0,4,плохо,отсутствует,отсутствует,плохо,нормально,более_30,дальнее_путешествие
жен,54,да,1575,1,0,2,отсутствует,отсутствует,хорошо,отсутствует,плохо,более_30,дальнее_путешествие
жен,83,да,4077,1,0,2,плохо,хорошо,хорошо,плохо,хорошо,более_30,дальнее_путешествие
жен,34,да,2046,0,0,3,отсутствует,отсутствует,плохо,плохо,плохо,более_30,дальнее_путешествие
жен,81,да,4333,0,1,4,плохо,плохо,отсутствует,плохо,плохо,более_30,дальнее_путешествие
муж,20,да,4099,0,1,2,плохо,плохо,хорошо,отсутствует,нормально,менее_30,дальнее_путешествие
жен,80,да,678,1,0,2,плохо,хорошо,плохо,отсутствует,плохо,более_30,не_так_далеко
муж,58,да,3386,1,1,4,отсутствует,отсутствует,хорошо,плохо,нормально,более_30,дальнее_путешествие
жен,32,да,4773,0,0,3,плохо,хорошо,отсутствует,хорошо,хорошо,более_30,дальнее_путешествие
муж,57,да,1102,1,0,5,отсутствует,хорошо,плохо,отсутствует,плохо,более_30,дальнее_путешествие
жен,71,да,2083,1,1,4,отсутствует,отсутствует,плохо,отсутствует,нормально,более_30,дальнее_путешествие
муж,76,да,2113,0,1,1,отсутствует,отсутствует,хорошо,хорошо,плохо,более_30,дальнее_путешествие
муж,52,да,148,0,1,4,отсутствует,плохо,отсутствует,отсутствует,нормально,более_30,домашний_регион
жен,65,нет,4022,0,1,2,плохо,отсутствует,отсутствует,плохо,нормально,более_30,дальнее_путешествие
жен,75,да,4335,0,0,4,плохо,отсутствует,хорошо,плохо,нормально,более_30,дальнее_путешествие
муж,54,нет,2025,1,0,3,хорошо,плохо,плохо,отсутствует,хорошо,более_30,дальнее_путешествие
муж,60,нет,3328,0,0,1,хорошо,хорошо,отсутствует,отсутствует,плохо,более_30,дальнее_путешествие
жен,44,нет,1683,1,1,5,плохо,плохо,плохо,отсутствует,плохо,более_30,дальнее_путешествие
муж,60,да,4963,0,0,3,отсутствует,хорошо,плохо,плохо,хорошо,более_30,дальнее_путешествие
жен,21,нет,3046,1,0,1,плохо,хорошо,плохо,отсутствует,хорошо,менее_30,дальнее_путешествие
муж,28,да,1469,1,0,2,хорошо,хорошо,плохо,отсутствует,нормально,менее_30,дальнее_путешествие
муж,46,да,3923,0,0,4,плохо,отсутствует,хорошо,хорошо,нормально,более_30,дальнее_путешествие
муж,31,нет,1582,1,0,4,хорошо,хорошо,хорошо,отсутствует,нормально,более_30,дальнее_путешествие
жен,71,да,489,0,1,1,плохо,отсутствует,плохо,отсутствует,хорошо,более_30,не_так_далеко
муж,75,да,244,0,1,4,отсутствует,отсутствует,хорошо,плохо,нормально,более_30,домашний_регион
жен,18,да,3183,1,1,3,хорошо,отсутствует,хорошо,отсутствует,хорошо,менее_30,дальнее_путешествие
муж,18,да,2038,0,1,4,плохо,отсутствует,хорошо,хорошо,плохо,менее_30,дальнее_путешествие
жен,73,да,1939,0,0,2,хорошо,отсутствует,плохо,плохо,хорошо,более_30,дальнее_путешествие
жен,60,да,1873,0,1,1,плохо,хорошо,плохо,хорошо,нормально,более_30,дальнее_путешествие
муж,45,да,4379,0,0,5,хорошо,отсутствует,плохо,хорошо,нормально,более_30,дальнее_путешествие
жен,23,да,252,1,1,4,отсутствует,хорошо,плохо,хорошо,нормально,менее_30,домашний_регион
жен,40,да,1120,1,0,2,хорошо,отсутствует,отсутствует,плохо,хорошо,более_30,дальнее_путешествие
муж,88,нет,1015,0,1,4,отсутствует,плохо,хорошо,отсутствует,плохо,более_30,дальнее_путешествие
жен,19,нет,385,0,1,4,отсутствует,хорошо,плохо,хорошо,нормально,менее_30,не_так_далеко
жен,73,да,1119,1,1,1,плохо,плохо,отсутствует,хорошо,плохо,более_30,дальнее_путешествие
муж,23,нет,268,1,1,4,хорошо,отсутствует,отсутствует,плохо,нормально,менее_30,домашний_регион
муж,53,нет,782,1,1,4,хорошо,плохо,хорошо,плохо,нормально,более_30,дальнее_путешествие
муж,69,нет,1952,1,0,2,плохо,хорошо,плохо,хорошо,нормально,более_30,дальнее_путешествие
жен,49,да,2560,1,0,2,плохо,плохо,хорошо,плохо,плохо,более_30,дальнее_путешествие
жен,46,нет,3756,0,1,3,плохо,отсутствует,плохо,отсутствует,нормально,более_30,дальнее_путешествие
муж,22,нет,440,0,1,2,отсутствует,плохо,отсутствует,плохо,хорошо,менее_30,не_так_далеко
муж,87,да,1587,0,0,2,хорошо,отсутствует,отсутствует,плохо,плохо,более_30,дальнее_путешествие
муж,64,нет,2607,1,1,4,плохо,плохо,отсутствует,хорошо,плохо,более_30,дальнее_путешествие
жен,65,да,1160,1,1,5,отсутствует,плохо,плохо,отсутствует,нормально,более_30,дальнее_путешествие
муж,75,нет,755,1,0,2,отсутствует,хорошо,хорошо,хорошо,плохо,более_30,дальнее_путешествие
муж,88,нет,2039,1,0,1,плохо,отсутствует,плохо,хорошо,нормально,более_30,дальнее_путешествие
муж,38,да,3674,0,1,1,плохо,плохо,хорошо,хорошо,нормально,более_30,дальнее_путешествие
жен,27,нет,4928,1,0,4,плохо,хорошо,хорошо,плохо,хорошо,менее_30,дальнее_путешествие
жен,42,нет,196,1,1,3,хорошо,отсутствует,хорошо,отсутствует,нормально,более_30,домашний_регион
жен,89,нет,2522,1,1,4,плохо,хорошо,плохо,отсутствует,плохо,более_30,дальнее_путешествие
жен,18,нет,3414,1,0,5,плохо,плохо,отсутствует,отсутствует,плохо,менее_30,дальнее_путешествие
жен,35,нет,3029,0,0,3,отсутствует,отсутствует,отсутствует,хорошо,плохо,более_30,дальнее_путешествие
муж,59,нет,2892,1,0,5,хорошо,отсутствует,хорошо,плохо,нормально,более_30,дальнее_путешествие
муж,66,нет,4631,1,1,4,отсутствует,плохо,отсутствует,плохо,нормально,более_30,дальнее_путешествие
жен,73,нет,1722,0,1,2,хорошо,плохо,хорошо,плохо,хорошо,более_30,дальнее_путешествие
жен,38,да,752,0,0,2,отсутствует,плохо,плохо,отсутствует,хорошо,более_30,дальнее_путешествие
жен,42,да,4773,0,1,2,плохо,отсутствует,плохо,хорошо,нормально,более_30,дальнее_путешествие
муж,50,да,2751,1,0,3,плохо,отсутствует,плохо,отсутствует,плохо,более_30,дальнее_путешествие
жен,48,нет,4226,1,0,5,хорошо,отсутствует,хорошо,хорошо,нормально,более_30,дальнее_путешествие
жен,66,нет,2527,1,0,4,плохо,хорошо,отсутствует,плохо,хорошо,более_30,дальнее_путешествие
муж,80,нет,4983,1,0,4,хорошо,отсутствует,плохо,хорошо,нормально,более_30,дальнее_путешествие
жен,21,да,3589,1,1,4,хорошо,хорошо,плохо,отсутствует,плохо,менее_30,дальнее_путешествие
жен,56,да,807,0,1,3,отсутствует,плохо,отсутствует,отсутствует,хорошо,более_30,дальнее_путешествие
муж,21,нет,4292,0,0,5,хорошо,плохо,плохо,отсутствует,плохо,менее_30,дальнее_путешествие
муж,74,да,829,1,0,2,хорошо,отсутствует,хорошо,отсутствует,хорошо,более_30,дальнее_путешествие
муж,26,нет,776,1,0,5,отсутствует,отсутствует,отсутствует,хорошо,плохо,менее_30,дальнее_путешествие
муж,28,нет,1328,1,0,3,отсутствует,хорошо,плохо,отсутствует,хорошо,менее_30,дальнее_путешествие
муж,20,нет,3686,1,0,5,хорошо,хорошо,плохо,плохо,нормально,менее_30,дальнее_путешествие
жен,61,нет,4679,1,0,3,отсутствует,хорошо,отсутствует,плохо,нормально,более_30,дальнее_путешествие
муж,60,да,746,0,0,5,отсутствует,отсутствует,отсутствует,хорошо,хорошо,более_30,дальнее_путешествие
муж,62,нет,3784,1,1,3,плохо,плохо,плохо,хорошо,хорошо,более_30,дальнее_путешествие
жен,52,нет,1761,0,1,2,плохо,отсутствует,плохо,отсутствует,плохо,более_30,дальнее_путешествие
муж,44,нет,181,0,1,2,хорошо,отсутствует,отсутствует,плохо,плохо,более_30,домашний_регион
жен,89,да,1320,1,1,2,хорошо,хорошо,плохо,плохо,нормально,более_30,дальнее_путешествие
жен,24,да,1641,0,1,5,отсутствует,отсутствует,плохо,хорошо,нормально,менее_30,дальнее_путешествие
жен,51,да,4622,1,1,1,хорошо,хорошо,плохо,отсутствует,плохо,более_30,дальнее_путешествие
жен,86,да,3331,0,1,2,плохо,плохо,плохо,плохо,плохо,более_30,дальнее_путешествие
муж,45,нет,295,1,1,4,хорошо,плохо,плохо,хорошо,нормально,более_30,домашний_регион
жен,19,нет,2465,0,1,3,хорошо,хорошо,отсутствует,отсутствует,плохо,менее_30,дальнее_путешествие
муж,67,нет,683,1,1,4,хорошо,отсутствует,отсутствует,отсутствует,нормально,более_30,не_так_далеко
жен,28,нет,692,0,1,3,плохо,хорошо,плохо,хорошо,плохо,менее_30,не_так_далеко
муж,21,нет,2597,0,1,5,хорошо,отсутствует,отсутствует,плохо,нормально,менее_30,дальнее_путешествие
жен,39,нет,874,0,1,4,хорошо,отсутствует,хорошо,хорошо,нормально,более_30,дальнее_путешествие
муж,44,нет,439,1,0,4,отсутствует,хорошо,плохо,хорошо,плохо,более_30,не_так_далеко
жен,57,да,437,1,1,3,плохо,хорошо,отсутствует,хорошо,плохо,более_30,не_так_далеко
жен,60,да,886,0,0,3,отсутствует,отсутствует,хорошо,хорошо,нормально,более_30,дальнее_путешествие
жен,42,да,1945,1,0,1,отсутствует,плохо,плохо,хорошо,нормально,более_30,дальнее_путешествие
жен,76,нет,2684,0,0,4,плохо,плохо,плохо,плохо,хорошо,более_30,дальнее_путешествие
жен,65,да,3983,0,0,5,плохо,плохо,плохо,отсутствует,нормально,более_30,дальнее_путешествие
муж,79,нет,4935,0,0,5,отсутствует,отсутствует,хорошо,плохо,хорошо,более_30,дальнее_путешествие
жен,86,да,4746,1,1,3,хорошо,отсутствует,плохо,хорошо,нормально,более_30,дальнее_путешествие
муж,64,да,2455,1,0,1,плохо,плохо,плохо,плохо,хорошо,более_30,дальнее_путешествие
жен,81,нет,4099,0,1,3,отсутствует,плохо,плохо,плохо,нормально,более_30,дальнее_путешествие
муж,33,да,537,0,0,4,плохо,хорошо,плохо,отсутствует,нормально,более_30,не_так_далеко
муж,49,нет,1025,1,0,3,хорошо,плохо,отсутствует,отсутствует,хорошо,более_30,дальнее_путешествие
жен,35,да,2114,0,1,1,отсутствует,плохо,хорошо,плохо,хорошо,более_30,дальнее_путешествие
муж,70,да,3071,0,0,2,плохо,отсутствует,хорошо,отсутствует,хорошо,более_30,дальнее_путешествие
жен,27,да,1696,1,1,1,отсутствует,хорошо,отсутствует,отсутствует,нормально,менее_30,дальнее_путешествие
муж,88,да,3527,0,0,4,хорошо,плохо,плохо,отсутствует,хорошо,более_30,дальнее_путешествие
жен,36,да,3899,0,0,4,хорошо,хорошо,хорошо,плохо,плохо,более_30,дальнее_путешествие
жен,24,да,851,1,0,3,хорошо,отсутствует,отсутствует,хорошо,плохо,менее_30,дальнее_путешествие
муж,67,да,2305,0,1,3,плохо,хорошо,отсутствует,плохо,нормально,более_30,дальнее_путешествие
муж,74,да,4189,0,1,4,хорошо,плохо,плохо,плохо,плохо,более_30,дальнее_путешествие
жен,68,нет,2705,0,1,2,отсутствует,отсутствует,хорошо,отсутствует,хорошо,более_30,дальнее_путешествие
жен,89,нет,121,0,1,1,плохо,отсутствует,хорошо,плохо,плохо,более_30,домашний_регион
муж,74,нет,4223,0,0,1,отсутствует,отсутствует,отсутствует,плохо,хорошо,более_30,дальнее_путешествие
жен,59,нет,629,0,1,5,хорошо,хорошо,плохо,хорошо,нормально,более_30,не_так_далеко
жен,46,нет,1395,0,1,4,отсутствует,плохо,хорошо,хорошо,хорошо,более_30,дальнее_путешествие
муж,26,нет,4747,1,1,3,отсутствует,плохо,отсутствует,отсутствует,плохо,менее_30,дальнее_путешествие
муж,32,да,1129,0,1,1,хорошо,отсутствует,плохо,плохо,хорошо,более_30,дальнее_путешествие
муж,25,да,360,0,1,1,хорошо,плохо,хорошо,хорошо,плохо,менее_30,не_так_далеко
муж,20,да,4552,1,0,4,хорошо,хорошо,отсутствует,хорошо,хорошо,менее_30,дальнее_путешествие
жен,89,нет,1683,0,1,4,отсутствует,хорошо,плохо,отсутствует,хорошо,более_30,дальнее_путешествие
жен,49,да,4282,0,0,4,хорошо,плохо,отсутствует,хорошо,плохо,более_30,дальнее_путешествие
муж,43,да,582,0,1,3,плохо,плохо,плохо,хорошо,хорошо,более_30,не_так_далеко
жен,72,да,3620,0,1,2,плохо,плохо,хорошо,отсутствует,нормально,более_30,дальнее_путешествие
муж,28,нет,4767,0,1,3,хорошо,отсутствует,хорошо,плохо,плохо,менее_30,дальнее_путешествие
муж,82,нет,1987,0,1,1,отсутствует,хорошо,отсутствует,плохо,плохо,более_30,дальнее_путешествие
муж,23,да,4365,0,0,3,плохо,отсутствует,плохо,плохо,нормально,менее_30,дальнее_путешествие
муж,74,да,3386,0,0,1,хорошо,хорошо,плохо,хорошо,нормально,более_30,дальнее_путешествие
муж,36,да,593,1,0,3,отсутствует,отсутствует,хорошо,плохо,плохо,более_30,не_так_далеко
жен,19,да,511,0,0,2,хорошо,отсутствует,хорошо,отсутствует,нормально,менее_30,не_так_далеко
муж,74,да,1710,1,0,2,хорошо,хорошо,хорошо,плохо,плохо,более_30,дальнее_путешествие
жен,18,нет,4405,0,1,4,хорошо,отсутствует,хорошо,плохо,плохо,менее_30,дальнее_путешествие
муж,21,нет,2182,0,1,5,хорошо,хорошо,плохо,отсутствует,плохо,менее_30,дальнее_путешествие
муж,88,да,3610,1,1,1,отсутствует,хорошо,хорошо,хорошо,хорошо,более_30,дальнее_путешествие
жен,83,да,3359,1,1,4,хорошо,хорошо,плохо,отсутствует,хорошо,более_30,дальнее_путешествие
жен,65,нет,4723,1,1,1,отсутствует,отсутствует,отсутствует,хорошо,плохо,более_30,дальнее_путешествие
муж,20,да,3845,0,0,1,плохо,отсутствует,хорошо,плохо,хорошо,менее_30,дальнее_путешествие
муж,51,да,4217,1,0,3,отсутствует,хорошо,хорошо,отсутствует,хорошо,более_30,дальнее_путешествие
жен,23,да,1400,0,1,3,плохо,плохо,отсутствует,плохо,плохо,менее_30,дальнее_путешествие
жен,28,да,3804,1,0,2,отсутствует,хорошо,отсутствует,отсутствует,плохо,менее_30,дальнее_путешествие
жен,77,нет,872,1,1,5,хорошо,отсутствует,отсутствует,хорошо,нормально,более_30,дальнее_путешествие
муж,78,да,3362,1,0,5,отсутствует,плохо,отсутствует,плохо,хорошо,более_30,дальнее_путешествие
жен,76,нет,2125,0,1,5,плохо,отсутствует,хорошо,плохо,плохо,более_30,дальнее_путешествие
муж,55,нет,1528,0,0,3,хорошо,хорошо,отсутствует,отсутствует,хорошо,более_30,дальнее_путешествие
жен,51,да,3040,1,0,2,отсутствует,хорошо,плохо,отсутствует,хорошо,более_30,дальнее_путешествие
муж,20,нет,872,1,0,1,хорошо,плохо,отсутствует,отсутствует,нормально,менее_30,дальнее_путешествие
жен,19,нет,3796,1,1,4,хорошо,отсутствует,плохо,плохо,нормально,менее_30,дальнее_путешествие
жен,71,нет,632,0,1,2,плохо,плохо,отсутствует,отсутствует,нормально,более_30,не_так_далеко
жен,39,нет,4761,0,0,5,отсутствует,хорошо,плохо,плохо,плохо,более_30,дальнее_путешествие
муж,75,да,1975,1,1,5,отсутствует,хорошо,хорошо,отсутствует,плохо,более_30,дальнее_путешествие
муж,90,да,1189,1,0,5,хорошо,отсутствует,отсутствует,хорошо,нормально,более_30,дальнее_путешествие
жен,24,да,4478,1,1,3,плохо,плохо,плохо,хорошо,плохо,менее_30,дальнее_путешествие
жен,53,да,4983,1,0,4,отсутствует,плохо,хорошо,хорошо,плохо,более_30,дальнее_путешествие
муж,69,нет,2119,1,1,4,плохо,плохо,плохо,отсутствует,нормально,более_30,дальнее_путешествие
жен,76,нет,138,0,0,4,отсутствует,отсутствует,хорошо,плохо,плохо,более_30,домашний_регион
муж,31,нет,2996,1,1,1,отсутствует,плохо,хорошо,отсутствует,нормально,более_30,дальнее_путешествие
жен,36,да,2837,1,1,2,плохо,отсутствует,хорошо,хорошо,плохо,более_30,дальнее_путешествие
муж,37,да,2409,0,0,5,отсутствует,плохо,плохо,отсутствует,хорошо,более_30,дальнее_путешествие
муж,38,нет,440,0,0,2,отсутствует,отсутствует,плохо,плохо,плохо,более_30,не_так_далеко
жен,51,нет,4412,1,0,5,отсутствует,плохо,хорошо,хорошо,плохо,более_30,дальнее_путешествие
муж,20,да,4148,0,0,3,плохо,хорошо,плохо,плохо,плохо,менее_30,дальнее_путешествие
жен,89,да,2663,1,1,2,хорошо,отсутствует,хорошо,плохо,нормально,более_30,дальнее_путешествие
жен,89,да,370,0,1,3,хорошо,хорошо,отсутствует,хорошо,хорошо,более_30,не_так_далеко
муж,61,да,1289,0,0,5,хорошо,плохо,отсутствует,отсутствует,хорошо,более_30,дальнее_путешествие
жен,78,нет,2653,1,0,3,хорошо,хорошо,хорошо,отсутствует,нормально,более_30,дальнее_путешествие
муж,54,да,2182,1,0,3,хорошо,плохо,хорошо,хорошо,хорошо,более_30,дальнее_путешествие
жен,87,нет,4465,0,0,1,плохо,хорошо,плохо,отсутствует,хорошо,более_30,дальнее_путешествие
жен,90,нет,1509,1,1,1,отсутствует,плохо,плохо,плохо,плохо,более_30,дальнее_путешествие
жен,46,да,2616,1,0,4,плохо,хорошо,плохо,плохо,хорошо,более_30,дальнее_путешествие
жен,47,нет,4146,1,0,3,отсутствует,плохо,плохо,хорошо,плохо,более_30,дальнее_путешествие
жен,61,да,3966,1,1,3,плохо,плохо,плохо,хорошо,плохо,более_30,дальнее_путешествие
муж,27,да,853,0,1,4,плохо,плохо,плохо,отсутствует,хорошо,менее_30,дальнее_путешествие
муж,24,да,4997,0,0,1,отсутствует,плохо,хорошо,плохо,нормально,менее_30,дальнее_путешествие
муж,49,нет,781,1,0,3,хорошо,плохо,плохо,отсутствует,хорошо,более_30,дальнее_путешествие
муж,53,да,4666,0,1,5,отсутствует,отсутствует,плохо,хорошо,плохо,более_30,дальнее_путешествие
жен,28,нет,317,0,1,1,отсутствует,хорошо,хорошо,плохо,хорошо,менее_30,не_так_далеко
жен,26,нет,4725,1,0,2,хорошо,хорошо,хорошо,хорошо,хорошо,менее_30,дальнее_путешествие
жен,86,да,4390,0,0,1,отсутствует,отсутствует,отсутствует,хорошо,плохо,более_30,дальнее_путешествие
муж,73,нет,1011,1,1,4,хорошо,плохо,отсутствует,отсутствует,плохо,более_30,дальнее_путешествие
жен,75,да,426,1,1,4,хорошо,отсутствует,плохо,хорошо,плохо,более_30,не_так_далеко
муж,87,нет,3816,0,1,4,хорошо,отсутствует,хорошо,отсутствует,хорошо,более_30,дальнее_путешествие
жен,83,нет,131,0,1,3,отсутствует,плохо,хорошо,плохо,плохо,более_30,домашний_регион
муж,26,да,4180,0,0,5,отсутствует,плохо,плохо,хорошо,нормально,менее_30,дальнее_путешествие
муж,60,нет,3154,0,0,1,хорошо,хорошо,хорошо,отсутствует,хорошо,более_30,дальнее_путешествие
жен,61,да,398,0,1,3,плохо,плохо,хорошо,хорошо,плохо,более_30,не_так_далеко
муж,72,нет,745,1,0,4,плохо,отсутствует,хорошо,хорошо,хорошо,более_30,дальнее_путешествие
жен,76,нет,3601,0,0,4,хорошо,хорошо,отсутствует,плохо,нормально,более_30,дальнее_путешествие
жен,32,да,849,0,0,2,плохо,плохо,плохо,отсутствует,нормально,более_30,дальнее_путешествие
жен,71,нет,2816,1,0,4,отсутствует,плохо,хорошо,хорошо,плохо,более_30,дальнее_путешествие
жен,84,да,3219,1,1,4,плохо,хорошо,отсутствует,отсутствует,плохо,более_30,дальнее_путешествие
жен,86,нет,2530,1,1,2,хорошо,плохо,хорошо,плохо,хорошо,более_30,дальнее_путешествие
жен,85,да,223,0,1,1,хорошо,хорошо,хорошо,плохо,хорошо,более_30,домашний_регион
муж,47,да,2171,0,1,2,плохо,хорошо,хорошо,хорошо,хорошо,более_30,дальнее_путешествие
муж,72,да,4848,1,0,3,хорошо,отсутствует,хорошо,хорошо,плохо,более_30,дальнее_путешествие
муж,38,нет,3462,1,0,1,плохо,отсутствует,отсутствует,плохо,плохо,более_30,дальнее_путешествие
жен,51,да,2917,0,1,4,хорошо,плохо,отсутствует,хорошо,хорошо,более_30,дальнее_путешествие
жен,36,нет,1952,1,0,2,отсутствует,плохо,хорошо,отсутствует,нормально,более_30,дальнее_путешествие
муж,90,нет,3100,0,1,5,плохо,отсутствует,плохо,плохо,хорошо,более_30,дальнее_путешествие
жен,25,да,3314,0,1,4,отсутствует,плохо,хорошо,отсутствует,нормально,менее_30,дальнее_путешествие
муж,25,да,4614,0,0,3,хорошо,отсутствует,хорошо,плохо,хорошо,менее_30,дальнее_путешествие
муж,30,нет,2673,1,0,3,хорошо,хорошо,плохо,отсутствует,хорошо,менее_30,дальнее_путешествие
жен,90,нет,4064,0,0,4,отсутствует,отсутствует,плохо,отсутствует,хорошо,более_30,дальнее_путешествие
муж,87,нет,3947,1,0,3,отсутствует,плохо,отсутствует,отсутствует,плохо,более_30,дальнее_путешествие
муж,71,нет,3149,0,1,3,отсутствует,отсутствует,отсутствует,хорошо,нормально,более_30,дальнее_путешествие
жен,43,да,858,0,1,3,хорошо,отсутствует,плохо,отсутствует,нормально,более_30,дальнее_путешествие
жен,34,да,2649,0,1,1,плохо,плохо,хорошо,хорошо,хорошо,более_30,дальнее_путешествие
жен,21,да,4097,1,0,1,отсутствует,отсутствует,отсутствует,хорошо,нормально,менее_30,дальнее_путешествие
муж,24,нет,3185,0,1,1,плохо,отсутствует,хорошо,хорошо,нормально,менее_30,дальнее_путешествие
муж,43,нет,2231,1,1,4,отсутствует,отсутствует,хорошо,хорошо,хорошо,более_30,дальнее_путешествие
жен,32,нет,1523,0,0,4,отсутствует,отсутствует,плохо,плохо,плохо,более_30,дальнее_путешествие
муж,44,нет,2897,0,1,2,хорошо,отсутствует,плохо,отсутствует,плохо,более_30,дальнее_путешествие
жен,42,нет,1023,0,0,3,хорошо,плохо,плохо,отсутствует,нормально,более_30,дальнее_путешествие
муж,78,да,1558,1,1,1,плохо,хорошо,плохо,отсутствует,нормально,более_30,дальнее_путешествие
жен,48,нет,2467,1,1,5,плохо,хорошо,хорошо,плохо,плохо,более_30,дальнее_путешествие
жен,73,да,2272,0,0,5,хорошо,отсутствует,хорошо,хорошо,хорошо,более_30,дальнее_путешествие
муж,37,да,320,0,1,4,отсутствует,плохо,плохо,плохо,хорошо,более_30,не_так_далеко
муж,62,да,1092,0,1,2,хорошо,хорошо,отсутствует,отсутствует,хорошо,более_30,дальнее_путешествие
муж,65,нет,1352,1,1,3,плохо,отсутствует,хорошо,отсутствует,хорошо,более_30,дальнее_путешествие
жен,34,нет,516,0,0,1,плохо,отсутствует,хорошо,отсутствует,хорошо,более_30,не_так_далеко
муж,23,нет,687,0,0,1,плохо,плохо,хорошо,плохо,плохо,менее_30,не_так_далеко
муж,46,нет,665,1,0,5,отсутствует,отсутствует,плохо,отсутствует,нормально,более_30,не_так_далеко
жен,87,да,3886,0,1,3,плохо,отсутствует,хорошо,плохо,нормально,более_30,дальнее_путешествие
муж,83,да,2535,1,0,2,хорошо,хорошо,хорошо,отсутствует,плохо,более_30,дальнее_путешествие
муж,54,да,2080,1,1,4,хорошо,отсутствует,хорошо,хорошо,хорошо,более_30,дальнее_путешествие
жен,61,да,2814,0,1,2,отсутствует,хорошо,отсутствует,плохо,нормально,более_30,дальнее_путешествие
муж,62,нет,1661,1,0,4,плохо,хорошо,отсутствует,плохо,плохо,более_30,дальнее_путешествие
муж,68,нет,737,1,1,1,отсутствует,хорошо,хорошо,плохо,хорошо,более_30,дальнее_путешествие
жен,83,нет,2891,1,0,2,хорошо,плохо,плохо,отсутствует,плохо,более_30,дальнее_путешествие
жен,75,да,4520,0,1,3,хорошо,отсутствует,отсутствует,хорошо,нормально,более_30,дальнее_путешествие
муж,54,да,2941,1,1,1,хорошо,хорошо,хорошо,плохо,хорошо,более_30,дальнее_путешествие
муж,23,нет,878,0,1,5,хорошо,хорошо,отсутствует,плохо,плохо,менее_30,дальнее_путешествие
жен,90,нет,4839,0,0,2,хорошо,отсутствует,плохо,хорошо,хорошо,более_30,дальнее_путешествие
муж,44,да,4806,1,1,5,плохо,отсутствует,отсутствует,хорошо,хорошо,более_30,дальнее_путешествие
жен,50,нет,3996,0,1,2,плохо,отсутствует,хорошо,плохо,плохо,более_30,дальнее_путешествие
жен,47,нет,4514,0,1,5,плохо,плохо,отсутствует,хорошо,хорошо,более_30,дальнее_путешествие
муж,81,да,614,1,0,3,хорошо,плохо,плохо,плохо,хорошо,более_30,не_так_далеко
жен,18,нет,737,0,1,4,хорошо,хорошо,плохо,отсутствует,хорошо,менее_30,дальнее_путешествие
муж,75,да,1197,0,0,5,плохо,хорошо,отсутствует,плохо,плохо,более_30,дальнее_путешествие
муж,66,да,3600,0,0,2,отсутствует,плохо,отсутствует,плохо,плохо,более_30,дальнее_путешествие
муж,29,нет,2663,1,0,3,плохо,хорошо,отсутствует,плохо,нормально,менее_30,дальнее_путешествие
жен,69,нет,4458,1,1,2,плохо,плохо,плохо,плохо,нормально,более_30,дальнее_путешествие
жен,72,да,4485,0,1,2,плохо,хорошо,хорошо,хорошо,хорошо,более_30,дальнее_путешествие
муж,83,да,1239,0,1,4,хорошо,плохо,отсутствует,хорошо,нормально,более_30,дальнее_путешествие
муж,27,нет,4815,1,1,2,плохо,хорошо,отсутствует,хорошо,нормально,менее_30,дальнее_путешествие
жен,80,нет,500,1,0,2,хорошо,плохо,хорошо,хорошо,хорошо,более_30,не_так_далеко
жен,34,нет,2514,1,0,4,хорошо,хорошо,плохо,плохо,плохо,более_30,дальнее_путешествие
жен,61,нет,1901,0,1,1,отсутствует,отсутствует,хорошо,хорошо,нормально,более_30,дальнее_путешествие
муж,76,нет,977,0,0,1,отсутствует,хорошо,отсутствует,плохо,плохо,более_30,дальнее_путешествие
муж,87,нет,3662,1,1,5,хорошо,хорошо,отсутствует,хорошо,нормально,более_30,дальнее_путешествие
муж,23,да,925,0,1,3,отсутствует,отсутствует,плохо,отсутствует,нормально,менее_30,дальнее_путешествие
жен,52,нет,3695,1,1,3,отсутствует,хорошо,отсутствует,хорошо,хорошо,более_30,дальнее_путешествие
муж,30,да,2055,1,1,5,отсутствует,отсутствует,хорошо,отсутствует,плохо,менее_30,дальнее_путешествие
муж,55,нет,4400,1,1,2,плохо,хорошо,отсутствует,хорошо,нормально,более_30,дальнее_путешествие
жен,86,да,3492,0,1,3,плохо,хорошо,отсутствует,плохо,нормально,более_30,дальнее_путешествие
муж,31,да,2464,1,1,3,хорошо,плохо,отсутствует,хорошо,нормально,более_30,дальнее_путешествие
жен,42,да,1540,0,1,3,хорошо,плохо,отсутствует,отсутствует,нормально,более_30,дальнее_путешествие
муж,84,да,3142,1,1,3,хорошо,хорошо,отсутствует,плохо,плохо,более_30,дальнее_путешествие
жен,23,да,4749,0,1,5,отсутствует,отсутствует,плохо,плохо,нормально,менее_30,дальнее_путешествие
жен,33,нет,2607,1,0,2,хорошо,хорошо,хорошо,хорошо,плохо,более_30,дальнее_путешествие
жен,46,нет,4129,1,0,3,отсутствует,хорошо,плохо,плохо,нормально,более_30,дальнее_путешествие
жен,84,да,2035,1,0,1,отсутствует,плохо,плохо,отсутствует,хорошо,более_30,дальнее_путешествие
муж,83,да,3901,0,0,3,хорошо,отсутствует,плохо,хорошо,плохо,более_30,дальнее_путешествие
муж,88,нет,1420,1,1,2,отсутствует,плохо,плохо,отсутствует,плохо,более_30,дальнее_путешествие
муж,70,да,4844,1,0,2,отсутствует,плохо,хорошо,плохо,хорошо,более_30,дальнее_путешествие
муж,66,нет,2972,1,0,4,отсутствует,плохо,отсутствует,плохо,плохо,более_30,дальнее_путешествие
жен,84,нет,515,1,0,3,плохо,хорошо,плохо,плохо,плохо,более_30,не_так_далеко
жен,86,нет,3616,0,1,2,плохо,отсутствует,отсутствует,хорошо,нормально,более_30,дальнее_путешествие
муж,66,нет,2279,1,1,5,плохо,плохо,отсутствует,хорошо,плохо,более_30,дальнее_путешествие
муж,81,нет,2003,1,0,4,хорошо,плохо,плохо,хорошо,нормально,более_30,дальнее_путешествие
жен,85,да,3497,1,1,1,хорошо,отсутствует,отсутствует,плохо,хорошо,более_30,дальнее_путешествие
жен,29,нет,2295,0,1,2,плохо,хорошо,плохо,хорошо,нормально,менее_30,дальнее_путешествие
жен,85,да,132,1,1,3,отсутствует,плохо,плохо,отсутствует,хорошо,более_30,домашний_регион
жен,53,нет,1817,0,0,2,плохо,отсутствует,плохо,плохо,плохо,более_30,дальнее_путешествие
жен,22,да,2289,1,1,1,отсутствует,отсутствует,отсутствует,хорошо,нормально,менее_30,дальнее_путешествие
муж,60,нет,3353,1,1,5,хорошо,плохо,плохо,плохо,плохо,более_30,дальнее_путешествие
жен,77,да,1939,1,0,4,плохо,плохо,отсутствует,плохо,нормально,более_30,дальнее_путешествие
жен,32,да,1897,0,1,2,хорошо,отсутствует,хорошо,отсутствует,хорошо,более_30,дальнее_путешествие
жен,47,нет,1954,1,0,5,плохо,отсутствует,отсутствует,хорошо,хорошо,более_30,дальнее_путешествие
жен,52,да,499,1,0,2,плохо,хорошо,плохо,отсутствует,нормально,более_30,не_так_далеко
муж,83,нет,3297,0,0,2,плохо,хорошо,хорошо,отсутствует,хорошо,более_30,дальнее_путешествие
муж,58,да,2185,0,1,4,хорошо,отсутствует,плохо,отсутствует,хорошо,более_30,дальнее_путешествие
жен,32,нет,815,0,1,1,плохо,отсутствует,отсутствует,отсутствует,плохо,более_30,дальнее_путешествие
жен,18,нет,815,1,0,5,отсутствует,плохо,хорошо,отсутствует,плохо,менее_30,дальнее_путешествие
муж,64,да,1981,0,0,5,плохо,хорошо,хорошо,отсутствует,плохо,более_30,дальнее_путешествие
жен,70,нет,3536,0,0,3,отсутствует,хорошо,отсутствует,плохо,нормально,более_30,дальнее_путешествие
муж,28,да,3653,1,0,1,отсутствует,плохо,плохо,хорошо,плохо,менее_30,дальнее_путешествие
муж,83,нет,3549,1,1,1,плохо,отсутствует,отсутствует,отсутствует,нормально,более_30,дальнее_путешествие
жен,46,да,3270,1,1,4,отсутствует,плохо,отсутствует,хорошо,плохо,более_30,дальнее_путешествие
муж,39,да,1246,1,0,5,хорошо,отсутствует,хорошо,отсутствует,плохо,более_30,дальнее_путешествие
жен,66,нет,1558,0,1,3,хорошо,плохо,хорошо,плохо,плохо,более_30,дальнее_путешествие
жен,31,да,1154,1,0,3,плохо,хорошо,хорошо,отсутствует,хорошо,более_30,дальнее_путешествие
жен,39,да,4559,0,1,1,хорошо,хорошо,хорошо,хорошо,нормально,более_30,дальнее_путешествие
жен,48,нет,1851,0,1,2,хорошо,плохо,хорошо,отсутствует,нормально,более_30,дальнее_путешествие
муж,76,да,4088,1,0,2,хорошо,отсутствует,плохо,плохо,хорошо,более_30,дальнее_путешествие
муж,18,нет,4176,1,0,3,хорошо,отсутствует,отсутствует,отсутствует,плохо,менее_30,дальнее_путешествие
жен,83,да,3372,0,1,1,хорошо,плохо,плохо,плохо,плохо,более_30,дальнее_путешествие
жен,39,нет,1479,0,1,2,хорошо,хорошо,плохо,отсутствует,плохо,более_30,дальнее_путешествие
муж,52,да,1864,1,1,2,плохо,хорошо,плохо,хорошо,нормально,более_30,дальнее_путешествие
муж,34,нет,3742,0,0,2,плохо,хорошо,отсутствует,хорошо,хорошо,более_30,дальнее_путешествие
жен,56,нет,957,0,1,3,плохо,плохо,плохо,хорошо,нормально,более_30,дальнее_путешествие
жен,49,да,2558,0,0,3,отсутствует,хорошо,плохо,хорошо,нормально,более_30,дальнее_путешествие
муж,51,нет,2419,1,0,5,отсутствует,плохо,плохо,отсутствует,нормально,более_30,дальнее_путешествие
муж,59,да,528,0,0,1,хорошо,отсутствует,хорошо,плохо,нормально,более_30,не_так_далеко
муж,82,нет,765,1,1,4,отсутствует,отсутствует,хорошо,плохо,плохо,более_30,дальнее_путешествие
муж,70,нет,4347,1,1,5,плохо,отсутствует,плохо,плохо,плохо,более_30,дальнее_путешествие
муж,58,нет,3868,0,0,1,плохо,отсутствует,хорошо,отсутствует,плохо,более_30,дальнее_путешествие
жен,18,да,2902,1,0,5,хорошо,отсутствует,плохо,плохо,плохо,менее_30,дальнее_путешествие
жен,25,нет,1420,1,0,2,хорошо,хорошо,хорошо,отсутствует,плохо,менее_30,дальнее_путешествие
жен,24,да,638,1,1,2,хорошо,плохо,отсутствует,отсутствует,хорошо,менее_30,не_так_далеко
жен,38,нет,1654,0,1,1,хорошо,плохо,плохо,отсутствует,плохо,более_30,дальнее_путешествие
жен,89,да,3891,0,0,2,плохо,отсутствует,хорошо,хорошо,плохо,более_30,дальнее_путешествие
муж,49,нет,826,1,1,3,отсутствует,плохо,хорошо,отсутствует,нормально,более_30,дальнее_путешествие
муж,58,нет,447,0,0,3,хорошо,плохо,отсутствует,плохо,хорошо,более_30,не_так_далеко
муж,84,да,1521,0,0,5,плохо,плохо,плохо,плохо,хорошо,более_30,дальнее_путешествие
жен,58,да,2061,1,0,3,отсутствует,хорошо,плохо,хорошо,плохо,более_30,дальнее_путешествие
жен,70,нет,423,1,0,5,плохо,хорошо,хорошо,плохо,нормально,более_30,не_так_далеко
муж,31,да,4259,0,1,4,хорошо,отсутствует,хорошо,отсутствует,плохо,более_30,дальнее_путешествие
муж,63,нет,4493,1,0,3,хорошо,отсутствует,хорошо,плохо,хорошо,более_30,дальнее_путешествие
муж,34,да,1980,0,1,4,хорошо,отсутствует,хорошо,плохо,плохо,более_30,дальнее_путешествие
муж,74,да,2414,1,0,5,отсутствует,отсутствует,плохо,отсутствует,нормально,более_30,дальнее_путешествие
жен,77,да,4064,0,1,2,плохо,плохо,хорошо,плохо,плохо,более_30,дальнее_путешествие
муж,70,да,2841,0,0,5,плохо,плохо,отсутствует,хорошо,плохо,более_30,дальнее_путешествие
жен,84,да,3629,0,1,1,отсутствует,плохо,плохо,хорошо,хорошо,более_30,дальнее_путешествие
жен,34,да,2718,1,0,3,плохо,отсутствует,отсутствует,хорошо,хорошо,более_30,дальнее_путешествие
жен,84,да,3951,0,1,1,хорошо,отсутствует,отсутствует,хорошо,плохо,более_30,дальнее_путешествие
муж,77,да,2930,1,1,1,плохо,плохо,плохо,плохо,плохо,более_30,дальнее_путешествие
жен,28,нет,1424,0,0,3,плохо,отсутствует,отсутствует,отсутствует,нормально,менее_30,дальнее_путешествие
муж,44,да,3690,1,1,5,плохо,хорошо,плохо,отсутствует,нормально,более_30,дальнее_путешествие
жен,45,да,3142,0,1,3,плохо,отсутствует,отсутствует,хорошо,хорошо,более_30,дальнее_путешествие
муж,68,да,4288,1,1,5,плохо,хорошо,отсутствует,хорошо,нормально,более_30,дальнее_путешествие
жен,44,нет,1388,1,1,2,хорошо,хорошо,хорошо,отсутствует,плохо,более_30,дальнее_путешествие
жен,65,да,1647,0,1,3,отсутствует,отсутствует,плохо,хорошо,плохо,более_30,дальнее_путешествие
муж,81,нет,807,0,1,3,хорошо,хорошо,отсутствует,хорошо,хорошо,более_30,дальнее_путешествие
жен,69,да,4858,0,0,2,хорошо,отсутствует,хорошо,отсутствует,нормально,более_30,дальнее_путешествие
муж,34,нет,3572,0,0,3,отсутствует,отсутствует,хорошо,хорошо,плохо,более_30,дальнее_путешествие
жен,90,да,1018,0,1,5,хорошо,отсутствует,плохо,отсутствует,нормально,более_30,дальнее_путешествие
муж,25,да,1048,1,0,2,плохо,плохо,отсутствует,плохо,хорошо,менее_30,дальнее_путешествие
муж,29,да,3085,1,0,5,хорошо,плохо,хорошо,плохо,нормально,менее_30,дальнее_путешествие
муж,25,нет,3610,1,0,2,хорошо,плохо,отсутствует,отсутствует,хорошо,менее_30,дальнее_путешествие
жен,23,да,205,1,1,4,плохо,хорошо,хорошо,отсутствует,нормально,менее_30,домашний_регион
жен,20,нет,2933,0,1,5,отсутствует,отсутствует,отсутствует,хорошо,хорошо,менее_30,дальнее_путешествие
жен,32,нет,1078,0,0,1,плохо,плохо,плохо,отсутствует,хорошо,более_30,дальнее_путешествие
муж,46,да,4466,1,1,5,хорошо,плохо,отсутствует,отсутствует,плохо,более_30,дальнее_путешествие
муж,70,нет,3200,1,1,4,отсутствует,отсутствует,хорошо,хорошо,плохо,более_30,дальнее_путешествие
муж,82,да,3925,1,1,5,хорошо,отсутствует,хорошо,отсутствует,хорошо,более_30,дальнее_путешествие
жен,75,да,3324,0,1,2,плохо,хорошо,хорошо,отсутствует,плохо,более_30,дальнее_путешествие
муж,71,да,980,1,0,5,хорошо,плохо,хорошо,хорошо,хорошо,более_30,дальнее_путешествие
жен,26,да,1702,1,0,5,плохо,отсутствует,плохо,хорошо,нормально,менее_30,дальнее_путешествие
муж,71,нет,2908,1,0,4,плохо,отсутствует,хорошо,хорошо,нормально,более_30,дальнее_путешествие
муж,47,нет,821,1,1,1,плохо,хорошо,отсутствует,отсутствует,плохо,более_30,дальнее_путешествие
муж,46,да,3504,1,1,2,плохо,хорошо,хорошо,хорошо,нормально,более_30,дальнее_путешествие
жен,20,нет,4313,0,1,5,хорошо,отсутствует,отсутствует,плохо,плохо,менее_30,дальнее_путешествие
муж,45,нет,4126,0,1,4,плохо,отсутствует,отсутствует,отсутствует,плохо,более_30,дальнее_путешествие
жен,42,да,1667,0,1,3,хорошо,плохо,плохо,хорошо,хорошо,более_30,дальнее_путешествие
муж,58,нет,3569,0,1,5,плохо,плохо,отсутствует,плохо,нормально,более_30,дальнее_путешествие
жен,70,да,489,1,1,2,хорошо,плохо,плохо,плохо,плохо,более_30,не_так_далеко
жен,34,нет,1073,0,0,5,отсутствует,плохо,плохо,плохо,нормально,более_30,дальнее_путешествие
жен,36,да,1784,0,0,2,плохо,плохо,отсутствует,плохо,плохо,более_30,дальнее_путешествие
жен,43,да,213,1,1,3,отсутствует,отсутствует,хорошо,отсутствует,нормально,более_30,домашний_регион
жен,37,да,1899,0,0,1,отсутствует,плохо,хорошо,плохо,плохо,более_30,дальнее_путешествие
жен,61,да,179,0,0,5,хорошо,хорошо,плохо,хорошо,плохо,более_30,домашний_регион
муж,19,да,4918,0,0,5,хорошо,отсутствует,хорошо,хорошо,плохо,менее_30,дальнее_путешествие
жен,39,да,2201,1,0,1,отсутствует,отсутствует,хорошо,плохо,нормально,более_30,дальнее_путешествие
жен,79,да,4632,0,0,5,хорошо,отсутствует,хорошо,хорошо,плохо,более_30,дальнее_путешествие
жен,31,нет,4183,0,1,4,плохо,хорошо,отсутствует,отсутствует,плохо,более_30,дальнее_путешествие
муж,57,да,1223,1,1,4,хорошо,хорошо,отсутствует,отсутствует,плохо,более_30,дальнее_путешествие
муж,40,да,3894,1,1,4,хорошо,отсутствует,плохо,хорошо,плохо,более_30,дальнее_путешествие
жен,34,нет,2557,0,0,2,плохо,плохо,хорошо,плохо,хорошо,более_30,дальнее_путешествие
жен,60,да,627,1,1,3,отсутствует,плохо,хорошо,хорошо,нормально,более_30,не_так_далеко
муж,89,да,3298,0,1,5,плохо,хорошо,хорошо,отсутствует,плохо,более_30,дальнее_путешествие
муж,36,нет,1948,1,0,5,плохо,плохо,отсутствует,плохо,плохо,более_30,дальнее_путешествие
жен,28,нет,4491,0,0,2,хорошо,отсутствует,плохо,плохо,нормально,менее_30,дальнее_путешествие
муж,61,да,4781,0,0,5,хорошо,хорошо,хорошо,отсутствует,плохо,более_30,дальнее_путешествие
жен,58,да,1878,0,1,5,отсутствует,плохо,плохо,плохо,плохо,более_30,дальнее_путешествие
жен,89,нет,4378,1,0,4,плохо,плохо,отсутствует,хорошо,плохо,более_30,дальнее_путешествие
муж,51,нет,921,1,0,5,плохо,хорошо,отсутствует,хорошо,плохо,более_30,дальнее_путешествие
жен,62,нет,410,0,0,2,отсутствует,отсутствует,хорошо,плохо,нормально,более_30,не_так_далеко
муж,71,да,3655,1,0,1,хорошо,плохо,хорошо,отсутствует,хорошо,более_30,дальнее_путешествие
муж,39,нет,3446,1,0,2,хорошо,отсутствует,хорошо,плохо,плохо,более_30,дальнее_путешествие
жен,47,нет,4442,1,1,3,хорошо,отсутствует,плохо,плохо,нормально,более_30,дальнее_путешествие
жен,21,да,3085,1,1,5,плохо,плохо,отсутствует,плохо,плохо,менее_30,дальнее_путешествие
муж,55,да,3998,1,0,2,плохо,плохо,плохо,плохо,хорошо,более_30,дальнее_путешествие
муж,83,да,710,1,1,1,плохо,плохо,плохо,хорошо,плохо,более_30,дальнее_путешествие
жен,20,нет,3261,0,0,4,хорошо,отсутствует,хорошо,отсутствует,плохо,менее_30,дальнее_путешествие
жен,34,да,3919,1,0,1,отсутствует,хорошо,плохо,хорошо,плохо,более_30,дальнее_путешествие
муж,77,нет,3913,1,0,3,отсутствует,плохо,отсутствует,плохо,хорошо,более_30,дальнее_путешествие
жен,27,да,3479,0,0,1,плохо,плохо,отсутствует,отсутствует,нормально,менее_30,дальнее_путешествие
муж,45,да,3971,1,1,1,хорошо,отсутствует,отсутствует,хорошо,плохо,более_30,дальнее_путешествие
жен,79,нет,212,0,1,5,отсутствует,хорошо,плохо,хорошо,нормально,более_30,домашний_регион
муж,81,нет,3622,1,1,1,плохо,плохо,отсутствует,хорошо,плохо,более_30,дальнее_путешествие
муж,63,да,736,0,1,2,плохо,хорошо,хорошо,хорошо,плохо,более_30,дальнее_путешествие
муж,57,да,2657,0,0,1,хорошо,плохо,хорошо,плохо,нормально,более_30,дальнее_путешествие
муж,47,да,3168,0,1,1,отсутствует,плохо,плохо,хорошо,плохо,более_30,дальнее_путешествие
жен,72,да,3404,1,1,3,хорошо,хорошо,отсутствует,хорошо,хорошо,более_30,дальнее_путешествие
жен,65,нет,1429,0,1,4,хорошо,отсутствует,плохо,плохо,нормально,более_30,дальнее_путешествие
жен,32,да,191,0,1,4,хорошо,отсутствует,отсутствует,хорошо,плохо,более_30,домашний_регион
жен,20,нет,1955,0,0,1,хорошо,отсутствует,хорошо,отсутствует,нормально,менее_30,дальнее_путешествие
жен,42,да,345,1,1,1,отсутствует,плохо,хорошо,отсутствует,плохо,более_30,не_так_далеко
муж,22,да,4353,0,1,4,плохо,плохо,отсутствует,отсутствует,нормально,менее_30,дальнее_путешествие
жен,66,да,4100,0,1,4,хорошо,хорошо,хорошо,хорошо,плохо,более_30,дальнее_путешествие
муж,18,да,3867,1,1,3,отсутствует,плохо,хорошо,отсутствует,плохо,менее_30,дальнее_путешествие
муж,43,нет,3515,0,0,2,отсутствует,отсутствует,плохо,плохо,плохо,более_30,дальнее_путешествие
жен,46,да,1486,0,1,3,хорошо,хорошо,плохо,хорошо,нормально,более_30,дальнее_путешествие
муж,47,нет,3870,1,0,5,отсутствует,отсутствует,плохо,хорошо,нормально,более_30,дальнее_путешествие
жен,45,да,572,1,0,5,отсутствует,отсутствует,отсутствует,хорошо,плохо,более_30,не_так_далеко
муж,47,да,2876,1,0,4,плохо,хорошо,хорошо,хорошо,плохо,более_30,дальнее_путешествие
муж,78,нет,1328,0,1,1,отсутствует,хорошо,плохо,плохо,нормально,более_30,дальнее_путешествие
муж,85,нет,3773,1,0,2,отсутствует,хорошо,отсутствует,плохо,нормально,более_30,дальнее_путешествие
жен,42,да,4663,1,0,3,плохо,плохо,хорошо,отсутствует,нормально,более_30,дальнее_путешествие
жен,55,да,1419,0,1,2,плохо,хорошо,плохо,хорошо,нормально,более_30,дальнее_путешествие
муж,24,да,463,1,1,1,хорошо,хорошо,отсутствует,отсутствует,плохо,менее_30,не_так_далеко
муж,59,да,3904,1,1,2,отсутствует,плохо,хорошо,плохо,хорошо,более_30,дальнее_путешествие
жен,32,нет,3114,1,0,5,плохо,плохо,отсутствует,хорошо,хорошо,более_30,дальнее_путешествие
жен,42,да,3694,1,1,3,хорошо,отсутствует,отсутствует,хорошо,хорошо,более_30,дальнее_путешествие
муж,89,нет,2290,0,0,4,отсутствует,хорошо,плохо,плохо,плохо,более_30,дальнее_путешествие
муж,35,нет,4436,0,0,3,плохо,хорошо,отсутствует,хорошо,хорошо,более_30,дальнее_путешествие
муж,71,да,2166,0,0,1,отсутствует,хорошо,плохо,отсутствует,плохо,более_30,дальнее_путешествие
жен,68,нет,3066,0,1,2,плохо,плохо,отсутствует,плохо,плохо,более_30,дальнее_путешествие
муж,89,нет,2253,0,0,3,хорошо,хорошо,хорошо,отсутствует,хорошо,более_30,дальнее_путешествие
жен,41,нет,835,0,1,1,хорошо,отсутствует,хорошо,плохо,хорошо,более_30,дальнее_путешествие
жен,66,нет,589,0,0,4,отсутствует,плохо,хорошо,отсутствует,нормально,более_30,не_так_далеко
муж,77,нет,3963,1,0,2,плохо,плохо,отсутствует,хорошо,хорошо,более_30,дальнее_путешествие
муж,32,нет,543,0,0,2,отсутствует,отсутствует,хорошо,отсутствует,нормально,более_30,не_так_далеко
муж,38,нет,2877,1,0,5,отсутствует,хорошо,отсутствует,хорошо,плохо,более_30,дальнее_путешествие
муж,42,нет,2799,0,0,2,отсутствует,отсутствует,хорошо,отсутствует,плохо,более_30,дальнее_путешествие
жен,64,нет,374,0,0,5,хорошо,отсутствует,отсутствует,отсутствует,плохо,более_30,не_так_далеко
жен,80,нет,456,1,1,4,хорошо,отсутствует,плохо,отсутствует,хорошо,более_30,не_так_далеко
муж,44,нет,3753,0,0,4,хорошо,хорошо,плохо,плохо,плохо,более_30,дальнее_путешествие
муж,77,нет,895,1,1,4,отсутствует,отсутствует,хорошо,отсутствует,плохо,более_30,дальнее_путешествие
муж,50,нет,3061,0,1,2,отсутствует,хорошо,плохо,плохо,хорошо,более_30,дальнее_путешествие
муж,19,да,319,1,0,3,отсутствует,хорошо,отсутствует,плохо,хорошо,менее_30,не_так_далеко
жен,89,да,4102,0,0,2,хорошо,отсутствует,плохо,плохо,плохо,более_30,дальнее_путешествие
муж,88,да,4584,0,1,4,хорошо,плохо,отсутствует,плохо,нормально,более_30,дальнее_путешествие
жен,23,да,1923,1,1,1,отсутствует,хорошо,плохо,отсутствует,плохо,менее_30,дальнее_путешествие
муж,89,нет,1305,1,1,2,отсутствует,плохо,отсутствует,отсутствует,нормально,более_30,дальнее_путешествие
жен,46,нет,1386,1,1,5,плохо,хорошо,отсутствует,отсутствует,плохо,более_30,дальнее_путешествие
жен,41,да,506,1,0,1,отсутствует,плохо,плохо,плохо,хорошо,более_30,не_так_далеко
жен,88,нет,4560,1,0,4,плохо,хорошо,хорошо,отсутствует,плохо,более_30,дальнее_путешествие
муж,66,да,4356,1,0,4,плохо,плохо,отсутствует,отсутствует,нормально,более_30,дальнее_путешествие
муж,50,да,950,0,0,3,отсутствует,хорошо,отсутствует,хорошо,нормально,более_30,дальнее_путешествие
муж,66,нет,1522,1,1,1,хорошо,хорошо,отсутствует,плохо,нормально,более_30,дальнее_путешествие
жен,46,нет,285,0,1,2,хорошо,отсутствует,отсутствует,плохо,плохо,более_30,домашний_регион
жен,48,да,3848,0,0,3,хорошо,хорошо,отсутствует,плохо,плохо,более_30,дальнее_путешествие
жен,31,да,1050,0,0,2,плохо,хорошо,отсутствует,хорошо,нормально,более_30,дальнее_путешествие
жен,54,нет,434,0,1,3,хорошо,отсутствует,отсутствует,отсутствует,плохо,более_30,не_так_далеко
жен,35,нет,642,0,0,4,хорошо,плохо,отсутствует,плохо,хорошо,более_30,не_так_далеко
муж,58,да,1525,0,1,3,плохо,хорошо,плохо,плохо,нормально,более_30,дальнее_путешествие
жен,24,да,3106,0,1,4,хорошо,плохо,отсутствует,плохо,нормально,менее_30,дальнее_путешествие
жен,79,да,4721,0,0,4,отсутствует,отсутствует,отсутствует,плохо,хорошо,более_30,дальнее_путешествие
жен,70,нет,2502,0,0,2,хорошо,плохо,хорошо,хорошо,нормально,более_30,дальнее_путешествие
жен,48,нет,1487,1,1,5,плохо,отсутствует,хорошо,плохо,нормально,более_30,дальнее_путешествие
муж,71,да,877,0,1,3,плохо,плохо,отсутствует,отсутствует,хорошо,более_30,дальнее_путешествие
муж,84,да,846,0,1,4,плохо,отсутствует,плохо,плохо,нормально,более_30,дальнее_путешествие
муж,49,да,1933,0,1,2,хорошо,отсутствует,хорошо,отсутствует,нормально,более_30,дальнее_путешествие
муж,72,да,1281,0,0,5,хорошо,плохо,отсутствует,хорошо,хорошо,более_30,дальнее_путешествие
муж,64,да,2637,1,0,2,плохо,отсутствует,хорошо,хорошо,хорошо,более_30,дальнее_путешествие
муж,73,да,1359,0,1,5,хорошо,отсутствует,плохо,плохо,плохо,более_30,дальнее_путешествие
жен,42,нет,2211,1,1,5,хорошо,хорошо,хорошо,плохо,хорошо,более_30,дальнее_путешествие
муж,80,нет,4662,0,1,4,отсутствует,отсутствует,хорошо,плохо,хорошо,более_30,дальнее_путешествие
муж,30,да,3971,1,0,2,отсутствует,плохо,отсутствует,хорошо,плохо,менее_30,дальнее_путешествие
жен,81,да,4652,1,1,1,хорошо,плохо,плохо,отсутствует,хорошо,более_30,дальнее_путешествие
жен,58,да,236,0,1,3,отсутствует,отсутствует,отсутствует,хорошо,нормально,более_30,домашний_регион
жен,72,да,1345,0,1,3,плохо,отсутствует,отсутствует,плохо,нормально,более_30,дальнее_путешествие
жен,22,нет,2073,0,0,2,отсутствует,плохо,плохо,хорошо,плохо,менее_30,дальнее_путешествие
жен,77,нет,4020,1,1,1,хорошо,плохо,хорошо,отсутствует,хорошо,более_30,дальнее_путешествие
жен,44,да,434,1,0,3,плохо,плохо,хорошо,отсутствует,нормально,более_30,не_так_далеко
жен,18,да,2499,1,1,1,плохо,плохо,плохо,отсутствует,хорошо,менее_30,дальнее_путешествие
муж,87,нет,311,0,1,5,отсутствует,плохо,хорошо,хорошо,нормально,более_30,не_так_далеко
жен,67,нет,4709,1,0,5,отсутствует,плохо,отсутствует,отсутствует,плохо,более_30,дальнее_путешествие
жен,57,да,150,0,1,1,плохо,отсутствует,хорошо,плохо,хорошо,более_30,домашний_регион
муж,82,да,1099,1,0,2,хорошо,плохо,хорошо,отсутствует,нормально,более_30,дальнее_путешествие
муж,73,да,3615,1,1,3,плохо,отсутствует,плохо,отсутствует,плохо,более_30,дальнее_путешествие
жен,60,да,4975,1,0,4,хорошо,хорошо,отсутствует,отсутствует,хорошо,более_30,дальнее_путешествие
муж,38,да,4368,0,1,3,плохо,отсутствует,отсутствует,отсутствует,хорошо,более_30,дальнее_путешествие
муж,32,нет,3304,0,0,2,отсутствует,хорошо,плохо,хорошо,нормально,более_30,дальнее_путешествие
муж,19,да,337,0,0,2,плохо,плохо,отсутствует,плохо,хорошо,менее_30,не_так_далеко
муж,78,да,3913,1,0,3,хорошо,плохо,отсутствует,хорошо,плохо,более_30,дальнее_путешествие
жен,59,да,2032,0,0,2,хорошо,хорошо,хорошо,хорошо,плохо,более_30,дальнее_путешествие
муж,29,нет,2221,0,1,3,отсутствует,плохо,хорошо,отсутствует,нормально,менее_30,дальнее_путешествие
муж,35,да,3718,1,0,5,хорошо,хорошо,отсутствует,хорошо,плохо,более_30,дальнее_путешествие
муж,34,да,511,0,0,5,плохо,плохо,плохо,плохо,плохо,более_30,не_так_далеко
жен,52,нет,4643,0,1,3,плохо,хорошо,плохо,хорошо,плохо,более_30,дальнее_путешествие
муж,27,да,2039,0,1,3,отсутствует,плохо,хорошо,хорошо,плохо,менее_30,дальнее_путешествие
жен,49,нет,316,0,0,1,хорошо,отсутствует,отсутствует,отсутствует,хорошо,более_30,не_так_далеко
жен,64,да,422,1,1,2,хорошо,хорошо,отсутствует,отсутствует,плохо,более_30,не_так_далеко
муж,50,да,4548,1,1,5,отсутствует,плохо,хорошо,плохо,хорошо,более_30,дальнее_путешествие
жен,19,нет,592,0,1,3,хорошо,отсутствует,хорошо,отсутствует,хорошо,менее_30,не_так_далеко
жен,84,нет,4298,1,0,5,отсутствует,отсутствует,отсутствует,отсутствует,нормально,более_30,дальнее_путешествие
жен,77,да,4146,1,0,2,хорошо,хорошо,хорошо,плохо,нормально,более_30,дальнее_путешествие
жен,55,да,2983,1,1,1,плохо,отсутствует,плохо,плохо,нормально,более_30,дальнее_путешествие
жен,36,да,3768,1,0,5,отсутствует,плохо,плохо,отсутствует,нормально,более_30,дальнее_путешествие
муж,21,нет,3528,0,0,3,отсутствует,отсутствует,плохо,плохо,плохо,менее_30,дальнее_путешествие
жен,58,да,2255,1,0,1,хорошо,плохо,плохо,плохо,хорошо,более_30,дальнее_путешествие
жен,26,нет,4824,0,1,2,плохо,плохо,плохо,хорошо,нормально,менее_30,дальнее_путешествие
муж,80,да,727,0,0,5,хорошо,плохо,хорошо,хорошо,нормально,более_30,дальнее_путешествие
муж,41,да,1421,0,0,1,хорошо,плохо,отсутствует,отсутствует,плохо,более_30,дальнее_путешествие
муж,65,да,4188,0,1,3,плохо,отсутствует,хорошо,плохо,хорошо,более_30,дальнее_путешествие
муж,71,да,2256,0,1,2,хорошо,отсутствует,хорошо,отсутствует,плохо,более_30,дальнее_путешествие
муж,58,да,1395,1,1,4,отсутствует,плохо,отсутствует,плохо,плохо,более_30,дальнее_путешествие
жен,33,нет,3329,1,1,1,отсутствует,отсутствует,плохо,плохо,нормально,более_30,дальнее_путешествие
муж,20,да,4921,1,1,1,отсутствует,плохо,хорошо,хорошо,хорошо,менее_30,дальнее_путешествие
жен,54,нет,4439,1,1,3,хорошо,плохо,хорошо,хорошо,плохо,более_30,дальнее_путешествие
жен,59,да,4514,0,0,2,плохо,плохо,хорошо,отсутствует,нормально,более_30,дальнее_путешествие
муж,32,да,4753,1,1,2,хорошо,отсутствует,плохо,отсутствует,нормально,более_30,дальнее_путешествие
жен,85,нет,3384,0,1,1,отсутствует,отсутствует,отсутствует,хорошо,плохо,более_30,дальнее_путешествие
муж,76,да,1452,0,1,2,отсутствует,отсутствует,плохо,плохо,хорошо,более_30,дальнее_путешествие
жен,77,нет,3485,1,1,2,плохо,плохо,плохо,отсутствует,хорошо,более_30,дальнее_путешествие
жен,49,нет,1983,0,1,5,отсутствует,плохо,плохо,плохо,хорошо,более_30,дальнее_путешествие
муж,46,нет,1909,0,1,1,плохо,хорошо,плохо,отсутствует,хорошо,более_30,дальнее_путешествие
муж,54,да,1711,0,0,3,плохо,отсутствует,плохо,хорошо,плохо,более_30,дальнее_путешествие
жен,80,да,1453,1,0,2,отсутствует,отсутствует,отсутствует,хорошо,плохо,более_30,дальнее_путешествие
муж,57,да,4075,0,0,3,отсутствует,хорошо,хорошо,хорошо,нормально,более_30,дальнее_путешествие
муж,53,да,3078,1,1,3,хорошо,отсутствует,плохо,хорошо,плохо,более_30,дальнее_путешествие
жен,52,нет,4149,0,1,2,отсутствует,отсутствует,хорошо,отсутствует,нормально,более_30,дальнее_путешествие
муж,78,да,4133,0,1,4,плохо,хорошо,отсутствует,хорошо,хорошо,более_30,дальнее_путешествие
муж,73,нет,899,0,0,5,плохо,отсутствует,хорошо,отсутствует,нормально,более_30,дальнее_путешествие
жен,34,нет,1822,0,0,5,отсутствует,отсутствует,отсутствует,хорошо,плохо,более_30,дальнее_путешествие
муж,23,нет,416,0,1,2,хорошо,плохо,отсутствует,плохо,нормально,менее_30,не_так_далеко
муж,81,нет,1288,0,1,4,отсутствует,хорошо,отсутствует,плохо,плохо,более_30,дальнее_путешествие
жен,53,да,1820,1,1,4,плохо,отсутствует,плохо,плохо,хорошо,более_30,дальнее_путешествие
жен,52,да,3262,1,1,4,отсутствует,хорошо,плохо,плохо,плохо,более_30,дальнее_путешествие
жен,78,да,4692,1,0,1,плохо,хорошо,плохо,отсутствует,хорошо,более_30,дальнее_путешествие
муж,56,нет,3876,1,1,3,хорошо,плохо,хорошо,отсутствует,нормально,более_30,дальнее_путешествие
муж,86,да,2033,1,1,2,хорошо,плохо,хорошо,плохо,плохо,более_30,дальнее_путешествие
жен,42,нет,1636,1,1,2,отсутствует,плохо,плохо,отсутствует,плохо,более_30,дальнее_путешествие
жен,33,да,140,0,0,1,отсутствует,отсутствует,хорошо,плохо,нормально,более_30,домашний_регион
муж,68,да,3683,1,0,4,отсутствует,плохо,отсутствует,плохо,нормально,более_30,дальнее_путешествие
муж,43,нет,4594,1,0,4,отсутствует,плохо,отсутствует,плохо,плохо,более_30,дальнее_путешествие
жен,74,нет,4073,0,1,4,плохо,хорошо,хорошо,хорошо,хорошо,более_30,дальнее_путешествие
муж,45,да,2537,1,0,2,хорошо,отсутствует,плохо,плохо,нормально,более_30,дальнее_путешествие
муж,70,нет,2175,1,0,4,хорошо,плохо,отсутствует,плохо,плохо,более_30,дальнее_путешествие
жен,83,нет,3306,1,1,3,отсутствует,отсутствует,хорошо,хорошо,нормально,более_30,дальнее_путешествие
жен,80,нет,3092,0,0,2,хорошо,хорошо,отсутствует,плохо,нормально,более_30,дальнее_путешествие
жен,51,да,4324,1,1,5,хорошо,хорошо,отсутствует,хорошо,хорошо,более_30,дальнее_путешествие
жен,47,да,2118,0,1,1,плохо,плохо,плохо,плохо,плохо,более_30,дальнее_путешествие
жен,86,нет,3320,1,1,1,отсутствует,плохо,плохо,плохо,плохо,более_30,дальнее_путешествие
муж,38,нет,3734,1,0,3,отсутствует,хорошо,хорошо,отсутствует,хорошо,более_30,дальнее_путешествие
муж,53,да,391,1,1,3,плохо,отсутствует,плохо,отсутствует,хорошо,более_30,не_так_далеко
муж,52,да,3459,1,1,4,отсутствует,хорошо,хорошо,отсутствует,нормально,более_30,дальнее_путешествие
жен,49,нет,2313,1,0,3,отсутствует,хорошо,хорошо,отсутствует,плохо,более_30,дальнее_путешествие
муж,26,нет,3850,0,0,2,хорошо,плохо,плохо,отсутствует,нормально,менее_30,дальнее_путешествие
жен,68,да,3672,0,1,4,хорошо,отсутствует,отсутствует,отсутствует,хорошо,более_30,дальнее_путешествие
жен,35,нет,1201,0,0,3,хорошо,хорошо,отсутствует,плохо,хорошо,более_30,дальнее_путешествие
жен,61,да,3674,0,1,3,плохо,хорошо,отсутствует,хорошо,плохо,более_30,дальнее_путешествие
муж,32,да,174,0,0,5,плохо,плохо,хорошо,плохо,хорошо,более_30,домашний_регион
муж,79,нет,2737,0,1,4,хорошо,плохо,плохо,плохо,нормально,более_30,дальнее_путешествие
муж,38,да,1125,1,1,4,хорошо,отсутствует,отсутствует,отсутствует,нормально,более_30,дальнее_путешествие
муж,32,да,2905,0,1,5,отсутствует,хорошо,хорошо,хорошо,плохо,более_30,дальнее_путешествие
муж,59,да,4834,0,1,5,плохо,хорошо,плохо,плохо,плохо,более_30,дальнее_путешествие
жен,80,нет,1602,0,1,3,плохо,отсутствует,плохо,отсутствует,плохо,более_30,дальнее_путешествие
муж,61,нет,2245,0,0,4,хорошо,хорошо,отсутствует,отсутствует,плохо,более_30,дальнее_путешествие
жен,24,да,4753,0,0,4,отсутствует,плохо,хорошо,хорошо,плохо,менее_30,дальнее_путешествие
муж,78,да,265,0,1,5,плохо,хорошо,плохо,хорошо,нормально,более_30,домашний_регион
жен,53,да,2061,0,0,3,хорошо,хорошо,плохо,отсутствует,хорошо,более_30,дальнее_путешествие
жен,49,нет,3890,1,0,2,отсутствует,отсутствует,хорошо,хорошо,плохо,более_30,дальнее_путешествие
жен,25,нет,426,0,0,4,хорошо,хорошо,отсутствует,отсутствует,хорошо,менее_30,не_так_далеко
жен,60,нет,2719,1,0,1,хорошо,хорошо,плохо,плохо,плохо,более_30,дальнее_путешествие
жен,38,да,975,1,0,2,плохо,хорошо,плохо,хорошо,нормально,более_30,дальнее_путешествие
жен,71,нет,4491,1,1,3,хорошо,хорошо,плохо,хорошо,плохо,более_30,дальнее_путешествие
жен,27,да,1012,1,0,4,отсутствует,плохо,хорошо,отсутствует,хорошо,менее_30,дальнее_путешествие
жен,82,да,220,1,1,5,отсутствует,отсутствует,хорошо,хорошо,хорошо,более_30,домашний_регион
жен,31,да,437,0,1,3,отсутствует,плохо,хорошо,плохо,плохо,более_30,не_так_далеко
муж,87,да,1760,0,1,2,хорошо,отсутствует,отсутствует,отсутствует,плохо,более_30,дальнее_путешествие
муж,67,да,4854,1,0,4,плохо,отсутствует,отсутствует,плохо,хорошо,более_30,дальнее_путешествие
муж,84,да,1988,0,1,4,отсутствует,отсутствует,хорошо,хорошо,хорошо,более_30,дальнее_путешествие
муж,34,нет,4178,1,0,3,плохо,отсутствует,хорошо,хорошо,нормально,более_30,дальнее_путешествие
муж,88,нет,4976,0,0,4,плохо,отсутствует,плохо,плохо,нормально,более_30,дальнее_путешествие
муж,36,да,3018,0,1,5,плохо,плохо,отсутствует,плохо,плохо,более_30,дальнее_путешествие
жен,86,нет,3222,0,1,4,хорошо,отсутствует,плохо,хорошо,нормально,более_30,дальнее_путешествие
муж,29,нет,2783,1,0,4,отсутствует,хорошо,хорошо,хорошо,нормально,менее_30,дальнее_путешествие
муж,88,нет,1345,1,1,1,отсутствует,плохо,отсутствует,отсутствует,хорошо,более_30,дальнее_путешествие
жен,63,да,4007,0,1,2,хорошо,хорошо,хорошо,хорошо,хорошо,более_30,дальнее_путешествие
муж,77,да,1050,1,1,3,хорошо,отсутствует,плохо,плохо,хорошо,более_30,дальнее_путешествие
жен,38,да,4683,0,1,3,хорошо,хорошо,хорошо,плохо,нормально,более_30,дальнее_путешествие
муж,28,да,3898,0,1,3,отсутствует,отсутствует,отсутствует,плохо,хорошо,менее_30,дальнее_путешествие
муж,41,да,4535,0,0,5,хорошо,плохо,хорошо,хорошо,плохо,более_30,дальнее_путешествие
муж,31,нет,1758,1,1,4,плохо,плохо,хорошо,хорошо,нормально,более_30,дальнее_путешествие
муж,64,нет,4198,1,1,4,отсутствует,хорошо,отсутствует,хорошо,хорошо,более_30,дальнее_путешествие
муж,54,нет,1605,1,1,1,отсутствует,плохо,плохо,отсутствует,плохо,более_30,дальнее_путешествие
жен,56,нет,467,1,0,3,плохо,плохо,хорошо,плохо,нормально,более_30,не_так_далеко
муж,27,да,4489,0,1,3,отсутствует,отсутствует,отсутствует,отсутствует,нормально,менее_30,дальнее_путешествие
муж,81,да,854,1,0,2,отсутствует,хорошо,хорошо,хорошо,нормально,более_30,дальнее_путешествие
жен,25,да,417,1,1,2,отсутствует,плохо,хорошо,плохо,нормально,менее_30,не_так_далеко
муж,45,да,244,0,0,3,плохо,плохо,хорошо,плохо,нормально,более_30,домашний_регион
муж,78,да,3460,1,1,5,отсутствует,отсутствует,хорошо,плохо,нормально,более_30,дальнее_путешествие
жен,46,да,4431,0,0,4,хорошо,хорошо,плохо,отсутствует,хорошо,более_30,дальнее_путешествие
жен,86,да,602,0,1,4,отсутствует,плохо,отсутствует,плохо,плохо,более_30,не_так_далеко
жен,71,да,4233,0,0,4,хорошо,плохо,плохо,отсутствует,хорошо,более_30,дальнее_путешествие
жен,41,нет,1803,0,0,2,хорошо,отсутствует,отсутствует,отсутствует,хорошо,более_30,дальнее_путешествие
муж,23,да,1219,0,0,1,плохо,хорошо,хорошо,хорошо,плохо,менее_30,дальнее_путешествие
жен,30,нет,1595,1,1,2,плохо,хорошо,плохо,плохо,нормально,менее_30,дальнее_путешествие
муж,67,нет,1540,0,0,3,хорошо,отсутствует,отсутствует,плохо,плохо,более_30,дальнее_путешествие
муж,83,нет,3697,0,1,3,хорошо,отсутствует,плохо,отсутствует,нормально,более_30,дальнее_путешествие
муж,84,нет,1192,1,1,4,хорошо,хорошо,плохо,отсутствует,хорошо,более_30,дальнее_путешествие
жен,28,да,894,0,1,5,плохо,отсутствует,отсутствует,плохо,нормально,менее_30,дальнее_путешествие
жен,42,да,1709,0,0,5,хорошо,плохо,плохо,отсутствует,плохо,более_30,дальнее_путешествие
жен,42,нет,2729,1,0,5,хорошо,отсутствует,отсутствует,отсутствует,нормально,более_30,дальнее_путешествие
жен,69,нет,253,1,0,3,плохо,отсутствует,плохо,плохо,нормально,более_30,домашний_регион
муж,71,нет,2323,1,1,2,хорошо,плохо,отсутствует,плохо,нормально,более_30,дальнее_путешествие
муж,71,да,4872,0,1,3,плохо,плохо,отсутствует,плохо,плохо,более_30,дальнее_путешествие
муж,56,да,3185,0,0,5,хорошо,хорошо,плохо,плохо,плохо,более_30,дальнее_путешествие
муж,35,да,2071,0,1,2,плохо,отсутствует,плохо,плохо,хорошо,более_30,дальнее_путешествие
муж,88,да,4581,0,0,2,хорошо,отсутствует,хорошо,плохо,хорошо,более_30,дальнее_путешествие
жен,84,нет,1402,1,1,2,хорошо,хорошо,отсутствует,плохо,хорошо,более_30,дальнее_путешествие
жен,42,да,3384,0,1,3,хорошо,отсутствует,плохо,плохо,нормально,более_30,дальнее_путешествие
муж,57,да,1034,0,1,4,отсутствует,хорошо,плохо,хорошо,нормально,более_30,дальнее_путешествие
жен,37,да,4868,1,0,3,плохо,хорошо,отсутствует,плохо,нормально,более_30,дальнее_путешествие
муж,31,да,409,1,0,4,отсутствует,плохо,хорошо,хорошо,плохо,более_30,не_так_далеко
жен,54,нет,2866,1,1,3,плохо,отсутствует,хорошо,хорошо,хорошо,более_30,дальнее_путешествие
муж,27,да,1457,1,1,4,плохо,отсутствует,отсутствует,плохо,нормально,менее_30,дальнее_путешествие
муж,30,нет,362,1,0,5,отсутствует,отсутствует,плохо,хорошо,нормально,менее_30,не_так_далеко
муж,36,нет,4269,0,1,1,отсутствует,отсутствует,отсутствует,отсутствует,нормально,более_30,дальнее_путешествие
жен,56,нет,146,0,1,3,отсутствует,хорошо,плохо,отсутствует,нормально,более_30,домашний_регион
муж,60,да,558,1,0,5,хорошо,отсутствует,плохо,плохо,плохо,более_30,не_так_далеко
муж,43,да,3524,0,1,5,отсутствует,отсутствует,отсутствует,отсутствует,нормально,более_30,дальнее_путешествие
жен,70,да,289,0,0,2,отсутствует,плохо,отсутствует,отсутствует,плохо,более_30,домашний_регион
жен,85,да,660,0,1,1,отсутствует,плохо,хорошо,хорошо,нормально,более_30,не_так_далеко
жен,22,нет,321,1,0,1,отсутствует,плохо,хорошо,плохо,хорошо,менее_30,не_так_далеко
жен,44,да,4796,1,0,4,отсутствует,плохо,хорошо,плохо,нормально,более_30,дальнее_путешествие
муж,47,нет,2538,1,0,5,плохо,отсутствует,хорошо,хорошо,плохо,более_30,дальнее_путешествие
муж,83,нет,876,1,1,1,отсутствует,плохо,отсутствует,отсутствует,хорошо,более_30,дальнее_путешествие
жен,29,нет,398,0,1,4,плохо,отсутствует,хорошо,плохо,плохо,менее_30,не_так_далеко
муж,18,нет,1808,1,1,2,хорошо,хорошо,отсутствует,хорошо,нормально,менее_30,дальнее_путешествие
муж,79,нет,2539,0,1,4,отсутствует,плохо,хорошо,отсутствует,нормально,более_30,дальнее_путешествие
муж,20,да,3385,1,0,4,хорошо,хорошо,отсутствует,отсутствует,хорошо,менее_30,дальнее_путешествие
жен,49,нет,2170,0,0,2,отсутствует,отсутствует,отсутствует,хорошо,хорошо,более_30,дальнее_путешествие
жен,19,нет,3324,1,0,4,хорошо,хорошо,хорошо,отсутствует,нормально,менее_30,дальнее_путешествие
жен,73,нет,2451,1,1,2,хорошо,хорошо,хорошо,хорошо,плохо,более_30,дальнее_путешествие
муж,53,нет,3429,1,0,3,отсутствует,хорошо,отсутствует,отсутствует,хорошо,более_30,дальнее_путешествие
муж,49,да,3893,0,1,4,плохо,плохо,отсутствует,плохо,нормально,более_30,дальнее_путешествие
жен,63,нет,3260,1,0,1,хорошо,плохо,хорошо,отсутствует,плохо,более_30,дальнее_путешествие
жен,33,нет,3679,1,1,4,плохо,отсутствует,отсутствует,отсутствует,нормально,более_30,дальнее_путешествие
жен,79,нет,1994,1,1,5,отсутствует,плохо,плохо,плохо,нормально,более_30,дальнее_путешествие
жен,65,нет,982,0,1,3,плохо,плохо,хорошо,плохо,нормально,более_30,дальнее_путешествие
муж,55,да,441,1,1,3,хорошо,хорошо,отсутствует,хорошо,плохо,более_30,не_так_далеко
жен,40,да,3853,0,1,3,плохо,плохо,хорошо,хорошо,хорошо,более_30,дальнее_путешествие
муж,48,нет,3650,0,0,3,плохо,плохо,плохо,хорошо,хорошо,более_30,дальнее_путешествие
муж,66,да,571,0,0,2,хорошо,плохо,хорошо,отсутствует,нормально,более_30,не_так_далеко
жен,39,нет,4999,1,1,2,плохо,хорошо,отсутствует,хорошо,нормально,более_30,дальнее_путешествие
жен,75,нет,4206,1,1,3,хорошо,хорошо,хорошо,плохо,хорошо,более_30,дальнее_путешествие
муж,41,нет,2884,1,0,4,хорошо,отсутствует,хорошо,отсутствует,хорошо,более_30,дальнее_путешествие
муж,19,нет,3891,0,0,1,хорошо,отсутствует,плохо,хорошо,нормально,менее_30,дальнее_путешествие
жен,23,да,471,0,0,5,отсутствует,хорошо,плохо,хорошо,нормально,менее_30,не_так_далеко
муж,42,нет,595,0,1,3,хорошо,хорошо,хорошо,плохо,плохо,более_30,не_так_далеко
жен,41,да,3266,0,0,3,отсутствует,хорошо,отсутствует,хорошо,плохо,более_30,дальнее_путешествие
жен,24,нет,2505,1,1,3,хорошо,плохо,отсутствует,плохо,плохо,менее_30,дальнее_путешествие
муж,23,нет,4772,0,1,4,хорошо,плохо,плохо,плохо,плохо,менее_30,дальнее_путешествие
жен,82,да,753,1,0,5,хорошо,отсутствует,плохо,отсутствует,плохо,более_30,дальнее_путешествие
муж,37,да,1855,1,1,5,отсутствует,хорошо,хорошо,отсутствует,плохо,более_30,дальнее_путешествие
жен,75,да,1470,1,1,3,плохо,отсутствует,хорошо,плохо,хорошо,более_30,дальнее_путешествие
жен,19,нет,3307,1,0,2,плохо,хорошо,плохо,отсутствует,плохо,менее_30,дальнее_путешествие
муж,83,нет,4641,1,0,5,хорошо,отсутствует,плохо,отсутствует,нормально,более_30,дальнее_путешествие
